Transaction_ID,Date,Customer_ID,Product_ID,Category_sales,Units,Unit_Price,Discount_Pct,Channel,Transaction_City,Return_Flag,Customer_City,Age_Band,Gender,Acquisition_Channel,First_Purchase_Date,Total_Orders,Total_Revenue,Last_Purchase_Date,Churned,Name,Category_product,MRP,COGS,Stock_Units,Avg_Monthly_Sales,Transaction_Revenue,Discount_Amount,Net_Revenue
T1,2025-01-24,C2,P2,Sports,5,539,15,Marketplace,Pune,1,Mumbai,18-24,M,App,2025-03-19,4,7139,2025-11-11,0,Product_2,Home,3191,957,234,143,2695,404.25,2290.75
T2,2025-12-15,C3,P3,Grocery,1,4228,5,Marketplace,Delhi,0,Hyderabad,18-24,F,Marketplace,2025-04-03,3,10843,2025-12-22,0,Product_3,Electronics,2561,768,121,24,4228,211.4,4016.6
T3,2025-10-11,C4,P4,Books,2,2061,15,Offline,Chennai,0,Pune,45-54,M,Marketplace,2024-09-13,17,44332,2026-06-01,0,Product_4,Apparel,3242,1069,490,184,4122,618.3,3503.7
T4,2025-04-24,C5,P5,Electronics,3,2164,0,Website,Chennai,0,Pune,45-54,F,Offline,2024-11-27,7,36395,2026-04-11,0,Product_5,Apparel,1119,369,388,27,6492,0.0,6492.0
T5,2025-06-25,C6,P6,Apparel,1,2341,0,Website,Kolkata,0,Delhi,35-44,M,Website,2025-10-13,15,25969,2025-10-23,0,Product_6,Electronics,1835,550,8,167,2341,0.0,2341.0
T6,2025-06-08,C7,P7,Grocery,4,4719,0,Website,Bangalore,0,Bangalore,45-54,F,Marketplace,2025-07-16,13,39958,2025-07-28,0,Product_7,Home,2808,1207,162,199,18876,0.0,18876.0
T7,2026-05-12,C8,P8,Health,5,1154,0,App,Jaipur,1,Delhi,18-24,M,Website,2025-09-16,15,17133,2025-07-24,0,Product_8,Electronics,1667,800,408,173,5770,0.0,5770.0
T8,2025-11-27,C9,P9,Home,4,3148,0,Website,Mumbai,0,Bangalore,55+,F,Website,2025-10-27,16,16310,2025-10-29,0,Product_9,Apparel,2580,851,138,188,12592,0.0,12592.0
T9,2025-11-06,C10,P10,Sports,5,2071,0,App,Delhi,0,Chennai,45-54,F,App,2025-12-26,3,35834,2025-10-20,0,Product_10,Grocery,1054,527,352,102,10355,0.0,10355.0
T10,2026-02-21,C11,P11,Health,3,4562,0,Marketplace,Delhi,0,Hyderabad,35-44,F,Offline,2026-04-27,16,48219,2026-04-21,0,Product_11,Electronics,1011,434,302,11,13686,0.0,13686.0
T11,2025-02-12,C12,P12,Home,5,4880,15,Website,Delhi,0,Mumbai,25-34,M,App,2025-03-24,11,31189,2026-02-01,0,Product_12,Apparel,562,174,454,142,24400,3660.0,20740.0
T12,2026-03-27,C13,P13,Home,3,3609,0,Website,Chennai,0,Chennai,18-24,M,App,2024-09-20,4,7985,2026-01-29,0,Product_13,Electronics,4992,1497,127,97,10827,0.0,10827.0
T13,2025-08-27,C14,P14,Health,5,3950,5,App,Delhi,1,Chennai,18-24,F,Marketplace,2026-04-27,17,22041,2026-03-31,0,Product_14,Grocery,4389,1931,289,11,19750,987.5,18762.5
T14,2025-08-08,C15,P15,Sports,5,3325,15,App,Pune,0,Pune,45-54,F,App,2024-12-16,7,31378,2025-08-23,0,Product_15,Grocery,853,281,446,190,16625,2493.75,14131.25
T15,2025-04-17,C16,P16,Electronics,2,1593,0,Marketplace,Pune,0,Pune,45-54,F,Marketplace,2026-04-30,1,30102,2025-09-23,1,Product_16,Grocery,2315,1088,256,76,3186,0.0,3186.0
T16,2024-11-05,C17,P17,Apparel,1,1976,15,Marketplace,Delhi,0,Delhi,35-44,F,Website,2025-09-05,7,12781,2026-02-16,0,Product_17,Electronics,236,82,167,134,1976,296.4,1679.6
T17,2025-02-27,C18,P18,Beauty,4,667,0,App,Bangalore,0,Mumbai,55+,F,App,2025-06-21,14,30669,2025-07-22,0,Product_18,Home,3080,1108,114,33,2668,0.0,2668.0
T18,2025-05-09,C19,P19,Home,2,779,0,Offline,Jaipur,1,Hyderabad,45-54,M,Website,2024-11-26,15,45028,2026-07-03,0,Product_19,Apparel,895,393,498,181,1558,0.0,1558.0
T19,2025-02-04,C20,P20,Home,4,4891,0,App,Chennai,0,Bangalore,55+,F,Website,2025-10-28,3,13847,2026-03-13,0,Product_20,Beauty,133,45,396,138,19564,0.0,19564.0
T20,2026-03-15,C21,P21,Electronics,3,2463,0,App,Hyderabad,0,Mumbai,45-54,F,App,2025-12-19,16,36885,2025-09-03,0,Product_21,Beauty,1363,504,290,52,7389,0.0,7389.0
T21,2026-03-11,C22,P22,Books,1,1420,10,Website,Jaipur,0,Hyderabad,35-44,F,Website,2024-07-17,14,12005,2026-05-11,0,Product_22,Electronics,4371,2010,427,18,1420,142.0,1278.0
T22,2024-12-23,C23,P23,Beauty,3,2238,10,Website,Mumbai,0,Chennai,35-44,F,App,2025-11-10,12,19980,2025-10-18,0,Product_23,Grocery,1211,569,460,104,6714,671.4,6042.6
T23,2024-11-23,C24,P24,Grocery,5,4116,0,Offline,Pune,0,Pune,18-24,F,Website,2025-07-13,13,24297,2026-02-25,0,Product_24,Grocery,2140,963,138,140,20580,0.0,20580.0
T24,2026-02-10,C25,P25,Sports,5,1620,0,App,Bangalore,1,Pune,25-34,M,App,2025-01-07,12,7769,2026-05-15,0,Product_25,Apparel,2330,1048,250,178,8100,0.0,8100.0
T25,2025-06-05,C26,P26,Health,1,1030,10,Website,Delhi,0,Pune,55+,F,App,2026-03-25,13,17111,2025-08-09,0,Product_26,Electronics,3743,1908,458,106,1030,103.0,927.0
T26,2025-04-05,C27,P27,Books,1,1723,5,Offline,Delhi,0,Pune,18-24,F,Offline,2025-10-31,14,40325,2025-09-12,0,Product_27,Beauty,4124,1237,236,8,1723,86.15,1636.85
T27,2025-06-04,C28,P28,Books,3,4637,5,Website,Jaipur,0,Delhi,45-54,F,Offline,2025-10-13,3,48993,2026-06-10,0,Product_28,Beauty,1036,559,146,139,13911,695.55,13215.45
T28,2025-03-11,C29,P29,Books,4,2429,0,App,Chennai,1,Delhi,25-34,F,Website,2024-11-13,11,888,2026-03-12,0,Product_29,Beauty,2307,738,379,136,9716,0.0,9716.0
T29,2026-02-25,C30,P30,Apparel,4,4541,15,Offline,Bangalore,1,Delhi,55+,M,Website,2026-04-03,11,18096,2026-02-23,0,Product_30,Apparel,574,269,402,192,18164,2724.6,15439.4
T30,2026-04-17,C31,P31,Apparel,3,581,15,Offline,Jaipur,0,Mumbai,45-54,F,Offline,2025-09-30,19,8069,2026-04-16,0,Product_31,Home,4429,1683,374,103,1743,261.45,1481.55
T31,2024-12-20,C32,P32,Health,3,2094,5,Marketplace,Chennai,0,Bangalore,25-34,F,Marketplace,2024-07-22,16,12293,2025-07-13,0,Product_32,Electronics,3713,1856,294,49,6282,314.1,5967.9
T32,2024-08-20,C33,P33,Electronics,4,639,5,App,Hyderabad,0,Pune,18-24,F,Marketplace,2026-05-13,7,5600,2026-05-14,0,Product_33,Beauty,2533,1266,385,138,2556,127.8,2428.2
T33,2025-03-04,C34,P34,Apparel,4,3203,5,Website,Delhi,0,Mumbai,55+,F,App,2024-09-08,18,49538,2026-03-03,0,Product_34,Electronics,868,442,195,143,12812,640.6,12171.4
T34,2025-09-17,C35,P35,Health,2,4959,0,Website,Mumbai,0,Delhi,45-54,F,Website,2025-02-20,2,42758,2025-11-21,0,Product_35,Home,3394,1730,32,16,9918,0.0,9918.0
T35,2024-10-22,C36,P36,Health,4,1512,0,Offline,Jaipur,0,Hyderabad,45-54,F,Offline,2025-05-04,2,27177,2025-08-03,0,Product_36,Home,4398,2242,52,28,6048,0.0,6048.0
T36,2025-02-27,C37,P37,Apparel,2,1105,5,Marketplace,Delhi,0,Chennai,45-54,F,App,2024-08-22,5,6787,2026-06-29,0,Product_37,Apparel,1414,692,483,25,2210,110.5,2099.5
T37,2025-08-02,C38,P38,Beauty,3,3943,5,Marketplace,Hyderabad,0,Mumbai,18-24,M,Offline,2024-12-15,9,3113,2025-08-20,0,Product_38,Home,4479,2329,199,148,11829,591.45,11237.55
T38,2025-05-22,C39,P39,Health,1,2911,15,Offline,Bangalore,0,Delhi,25-34,F,App,2026-05-08,18,31740,2025-08-14,0,Product_39,Beauty,1082,324,228,192,2911,436.65,2474.35
T39,2025-05-10,C40,P40,Beauty,3,4827,0,Offline,Jaipur,0,Bangalore,45-54,F,Offline,2025-08-30,4,13150,2025-11-04,0,Product_40,Electronics,579,237,447,9,14481,0.0,14481.0
T40,2025-11-09,C41,P41,Health,5,2043,15,Offline,Hyderabad,0,Pune,45-54,M,Website,2025-07-18,5,34432,2025-11-17,0,Product_41,Grocery,2620,943,175,27,10215,1532.25,8682.75
T41,2024-10-05,C42,P42,Apparel,2,4489,0,Website,Mumbai,1,Hyderabad,25-34,F,Offline,2024-10-17,12,43780,2026-05-19,0,Product_42,Beauty,389,151,78,111,8978,0.0,8978.0
T42,2026-05-12,C43,P43,Health,3,3702,10,Offline,Delhi,0,Hyderabad,18-24,M,Marketplace,2024-10-27,14,49389,2026-04-05,0,Product_43,Electronics,721,295,146,105,11106,1110.6,9995.4
T43,2024-08-21,C44,P44,Health,2,4186,10,Marketplace,Kolkata,0,Chennai,55+,F,App,2024-07-30,1,32271,2025-10-13,0,Product_44,Home,4903,1814,314,164,8372,837.2,7534.8
T44,2026-05-09,C45,P45,Apparel,3,671,5,Offline,Bangalore,0,Chennai,35-44,F,Offline,2026-04-21,3,14570,2026-06-14,0,Product_45,Apparel,4036,1896,285,146,2013,100.65,1912.35
T45,2025-10-22,C46,P46,Health,1,3777,5,App,Hyderabad,0,Pune,18-24,M,Marketplace,2024-12-13,8,37125,2025-08-28,0,Product_46,Electronics,634,253,372,55,3777,188.85,3588.15
T46,2026-02-06,C47,P47,Health,5,3972,0,Offline,Chennai,0,Mumbai,45-54,M,Marketplace,2026-04-15,7,19656,2026-04-25,0,Product_47,Beauty,1235,580,183,144,19860,0.0,19860.0
T47,2025-05-13,C48,P48,Sports,4,896,15,Website,Mumbai,0,Mumbai,18-24,F,Website,2025-02-23,13,41095,2026-03-17,0,Product_48,Home,1309,641,400,114,3584,537.6,3046.4
T48,2025-05-08,C49,P49,Sports,3,1815,0,Offline,Hyderabad,0,Chennai,18-24,M,Marketplace,2025-10-10,6,33287,2026-06-08,0,Product_49,Grocery,1320,673,99,51,5445,0.0,5445.0
T49,2026-03-04,C50,P50,Electronics,3,667,5,App,Bangalore,0,Pune,18-24,M,App,2025-04-09,10,6621,2026-03-24,0,Product_50,Electronics,2448,954,197,103,2001,100.05,1900.95
T50,2025-10-01,C51,P1,Health,5,1311,0,Website,Jaipur,0,Bangalore,18-24,M,Offline,2025-06-09,15,44027,2025-08-03,0,Product_1,Beauty,4921,2017,383,112,6555,0.0,6555.0
T51,2024-12-18,C52,P2,Books,1,3765,0,Website,Kolkata,1,Hyderabad,45-54,F,Offline,2025-12-28,20,8043,2025-10-18,0,Product_2,Home,3191,957,234,143,3765,0.0,3765.0
T52,2026-01-02,C53,P3,Sports,1,4251,0,App,Kolkata,0,Bangalore,55+,F,Offline,2024-12-24,1,20361,2026-05-15,1,Product_3,Electronics,2561,768,121,24,4251,0.0,4251.0
T53,2025-07-08,C54,P4,Sports,3,694,0,App,Kolkata,0,Chennai,35-44,M,Website,2025-06-16,17,34194,2025-11-24,0,Product_4,Apparel,3242,1069,490,184,2082,0.0,2082.0
T54,2026-06-21,C55,P5,Electronics,1,4385,10,Website,Pune,0,Bangalore,18-24,F,Website,2024-10-09,20,38944,2026-06-15,0,Product_5,Apparel,1119,369,388,27,4385,438.5,3946.5
T55,2026-01-20,C56,P6,Apparel,4,4555,10,Marketplace,Chennai,0,Hyderabad,55+,M,Website,2024-10-31,12,10093,2025-10-18,0,Product_6,Electronics,1835,550,8,167,18220,1822.0,16398.0
T56,2025-09-27,C57,P7,Electronics,3,1818,0,Marketplace,Pune,0,Chennai,25-34,F,Website,2026-03-25,13,1032,2025-10-24,0,Product_7,Home,2808,1207,162,199,5454,0.0,5454.0
T57,2026-05-13,C58,P8,Health,2,1589,15,Marketplace,Mumbai,0,Pune,35-44,M,App,2025-06-21,5,36384,2026-05-25,0,Product_8,Electronics,1667,800,408,173,3178,476.7,2701.3
T58,2024-12-02,C59,P9,Beauty,3,4297,5,Website,Kolkata,0,Delhi,55+,M,Marketplace,2025-09-05,8,13788,2026-01-15,0,Product_9,Apparel,2580,851,138,188,12891,644.55,12246.45
T59,2024-12-07,C60,P10,Home,5,1319,5,Website,Mumbai,0,Hyderabad,55+,F,Marketplace,2026-03-23,17,18202,2026-05-24,0,Product_10,Grocery,1054,527,352,102,6595,329.75,6265.25
T60,2026-06-21,C61,P11,Apparel,5,3597,0,App,Pune,0,Hyderabad,35-44,M,Marketplace,2025-10-04,2,10659,2026-04-03,0,Product_11,Electronics,1011,434,302,11,17985,0.0,17985.0
T61,2026-05-18,C62,P12,Beauty,4,1374,15,Marketplace,Delhi,0,Bangalore,55+,M,App,2025-11-26,12,48224,2026-05-21,0,Product_12,Apparel,562,174,454,142,5496,824.4,4671.6
T62,2026-05-21,C63,P13,Electronics,3,894,0,Offline,Kolkata,0,Delhi,25-34,M,Website,2025-11-12,15,7624,2026-01-06,0,Product_13,Electronics,4992,1497,127,97,2682,0.0,2682.0
T63,2026-06-06,C64,P14,Electronics,2,2643,10,Offline,Mumbai,0,Pune,25-34,M,Website,2024-08-20,13,41258,2025-07-25,0,Product_14,Grocery,4389,1931,289,11,5286,528.6,4757.4
T64,2025-02-19,C65,P15,Grocery,2,2847,10,Website,Jaipur,0,Mumbai,45-54,F,App,2025-01-24,7,38340,2025-11-15,0,Product_15,Grocery,853,281,446,190,5694,569.4,5124.6
T65,2025-07-02,C66,P16,Home,2,985,0,Offline,Mumbai,0,Chennai,45-54,F,App,2025-07-24,19,44202,2026-01-16,0,Product_16,Grocery,2315,1088,256,76,1970,0.0,1970.0
T66,2026-05-02,C67,P17,Beauty,4,4190,10,Offline,Pune,0,Bangalore,55+,F,Website,2025-03-10,2,1265,2025-09-06,0,Product_17,Electronics,236,82,167,134,16760,1676.0,15084.0
T67,2025-06-12,C68,P18,Sports,4,3607,5,Marketplace,Kolkata,0,Chennai,18-24,F,Website,2025-01-30,14,26312,2025-11-17,0,Product_18,Home,3080,1108,114,33,14428,721.4,13706.6
T68,2024-12-07,C69,P19,Beauty,4,4972,5,Offline,Pune,0,Delhi,45-54,F,App,2024-07-30,10,19454,2025-08-31,0,Product_19,Apparel,895,393,498,181,19888,994.4,18893.6
T69,2025-06-02,C70,P20,Books,5,3418,15,App,Bangalore,0,Delhi,25-34,M,Website,2025-07-31,18,37057,2026-05-11,0,Product_20,Beauty,133,45,396,138,17090,2563.5,14526.5
T70,2025-04-11,C71,P21,Home,3,4202,0,Website,Jaipur,1,Chennai,35-44,F,Offline,2026-05-29,20,20314,2025-12-27,0,Product_21,Beauty,1363,504,290,52,12606,0.0,12606.0
T71,2024-07-20,C72,P22,Sports,5,4072,0,Marketplace,Jaipur,0,Hyderabad,35-44,F,Offline,2025-04-15,13,27112,2025-09-05,0,Product_22,Electronics,4371,2010,427,18,20360,0.0,20360.0
T72,2026-06-22,C73,P23,Books,3,1985,5,Marketplace,Pune,0,Delhi,35-44,M,Website,2025-06-24,19,3312,2025-10-25,0,Product_23,Grocery,1211,569,460,104,5955,297.75,5657.25
T73,2026-06-25,C74,P24,Grocery,5,3064,0,Website,Pune,0,Chennai,25-34,F,Offline,2024-09-09,17,36684,2025-10-14,0,Product_24,Grocery,2140,963,138,140,15320,0.0,15320.0
T74,2025-05-20,C75,P25,Home,4,2414,10,Website,Hyderabad,0,Chennai,18-24,F,Offline,2025-04-30,17,42909,2026-06-24,0,Product_25,Apparel,2330,1048,250,178,9656,965.6,8690.4
T75,2025-08-20,C76,P26,Sports,4,2516,0,Website,Chennai,0,Mumbai,18-24,F,Marketplace,2024-08-08,14,16342,2025-09-24,0,Product_26,Electronics,3743,1908,458,106,10064,0.0,10064.0
T76,2025-07-28,C77,P27,Health,2,2820,0,Marketplace,Jaipur,0,Mumbai,25-34,M,Marketplace,2026-05-06,20,1220,2025-11-19,0,Product_27,Beauty,4124,1237,236,8,5640,0.0,5640.0
T77,2025-03-18,C78,P28,Books,4,1559,15,Website,Chennai,0,Pune,45-54,F,Offline,2024-11-16,1,32592,2025-09-09,1,Product_28,Beauty,1036,559,146,139,6236,935.4,5300.6
T78,2024-10-10,C79,P29,Electronics,4,4886,5,App,Mumbai,0,Delhi,18-24,F,Website,2024-11-01,7,41480,2026-04-27,0,Product_29,Beauty,2307,738,379,136,19544,977.2,18566.8
T79,2025-11-28,C80,P30,Sports,4,1043,0,Offline,Kolkata,0,Chennai,55+,F,Marketplace,2025-10-08,17,573,2026-05-21,0,Product_30,Apparel,574,269,402,192,4172,0.0,4172.0
T80,2025-04-09,C81,P31,Electronics,1,1867,0,Offline,Kolkata,0,Mumbai,55+,M,App,2025-07-10,13,10780,2026-06-25,0,Product_31,Home,4429,1683,374,103,1867,0.0,1867.0
T81,2024-08-11,C82,P32,Electronics,1,2376,0,App,Bangalore,0,Mumbai,45-54,F,App,2026-04-21,4,45545,2025-08-10,0,Product_32,Electronics,3713,1856,294,49,2376,0.0,2376.0
T82,2024-10-27,C83,P33,Apparel,2,1104,5,App,Delhi,0,Pune,55+,F,App,2024-12-13,12,11185,2025-08-19,0,Product_33,Beauty,2533,1266,385,138,2208,110.4,2097.6
T83,2025-07-24,C84,P34,Grocery,3,3758,10,App,Mumbai,0,Hyderabad,25-34,M,Marketplace,2024-10-08,5,27263,2026-03-03,0,Product_34,Electronics,868,442,195,143,11274,1127.4,10146.6
T84,2025-09-25,C85,P35,Home,1,1129,5,Website,Mumbai,0,Hyderabad,35-44,M,Marketplace,2024-12-07,3,15527,2025-12-18,0,Product_35,Home,3394,1730,32,16,1129,56.45,1072.55
T85,2024-08-11,C86,P36,Apparel,2,4296,15,Marketplace,Mumbai,1,Pune,35-44,F,Offline,2026-04-28,11,13497,2026-01-31,0,Product_36,Home,4398,2242,52,28,8592,1288.8,7303.2
T86,2024-09-09,C87,P37,Health,4,3222,0,Marketplace,Hyderabad,0,Hyderabad,45-54,F,Marketplace,2025-04-26,8,17987,2026-01-16,0,Product_37,Apparel,1414,692,483,25,12888,0.0,12888.0
T87,2024-08-13,C88,P38,Apparel,4,4930,0,Marketplace,Bangalore,0,Bangalore,45-54,F,Marketplace,2025-07-23,8,44740,2026-05-21,0,Product_38,Home,4479,2329,199,148,19720,0.0,19720.0
T88,2026-02-26,C89,P39,Apparel,3,3598,15,App,Chennai,0,Pune,55+,M,App,2024-09-08,19,26368,2025-11-12,0,Product_39,Beauty,1082,324,228,192,10794,1619.1,9174.9
T89,2025-07-08,C90,P40,Apparel,5,668,0,Marketplace,Bangalore,1,Hyderabad,25-34,M,App,2025-02-19,5,43344,2025-08-20,0,Product_40,Electronics,579,237,447,9,3340,0.0,3340.0
T90,2024-12-25,C91,P41,Apparel,5,1236,5,Marketplace,Chennai,0,Chennai,55+,F,Marketplace,2025-06-19,3,13895,2025-11-14,0,Product_41,Grocery,2620,943,175,27,6180,309.0,5871.0
T91,2024-09-27,C92,P42,Apparel,4,2998,0,Marketplace,Bangalore,0,Mumbai,45-54,M,App,2025-01-12,3,31873,2025-08-08,0,Product_42,Beauty,389,151,78,111,11992,0.0,11992.0
T92,2025-11-11,C93,P43,Electronics,5,4316,15,Offline,Bangalore,0,Bangalore,45-54,M,Website,2025-04-16,8,979,2025-07-21,0,Product_43,Electronics,721,295,146,105,21580,3237.0,18343.0
T93,2026-05-16,C94,P44,Sports,4,869,5,Marketplace,Delhi,0,Chennai,18-24,M,Marketplace,2024-09-29,13,18911,2025-10-08,0,Product_44,Home,4903,1814,314,164,3476,173.8,3302.2
T94,2025-07-28,C95,P45,Sports,3,1943,10,App,Pune,0,Mumbai,55+,M,Marketplace,2025-01-14,8,19703,2026-05-19,0,Product_45,Apparel,4036,1896,285,146,5829,582.9,5246.1
T95,2024-08-06,C96,P46,Grocery,5,1732,0,Marketplace,Bangalore,0,Bangalore,55+,M,Marketplace,2025-02-03,5,9229,2025-08-13,0,Product_46,Electronics,634,253,372,55,8660,0.0,8660.0
T96,2024-11-03,C97,P47,Beauty,4,618,0,Marketplace,Mumbai,0,Mumbai,55+,M,App,2024-10-12,19,17990,2025-11-04,0,Product_47,Beauty,1235,580,183,144,2472,0.0,2472.0
T97,2024-10-13,C98,P48,Sports,2,4218,15,Marketplace,Kolkata,0,Pune,18-24,M,Website,2026-01-22,10,7710,2025-09-25,0,Product_48,Home,1309,641,400,114,8436,1265.4,7170.6
T98,2025-03-10,C99,P49,Beauty,5,519,0,Marketplace,Pune,0,Delhi,55+,F,Offline,2026-01-17,1,15233,2025-11-10,1,Product_49,Grocery,1320,673,99,51,2595,0.0,2595.0
T99,2024-09-20,C100,P50,Health,5,696,5,Offline,Hyderabad,0,Bangalore,35-44,F,App,2024-08-26,19,5153,2025-08-08,0,Product_50,Electronics,2448,954,197,103,3480,174.0,3306.0
T100,2026-05-25,C101,P1,Sports,5,720,5,Offline,Jaipur,0,Delhi,55+,M,Website,2026-02-06,19,10568,2025-12-27,0,Product_1,Beauty,4921,2017,383,112,3600,180.0,3420.0
T101,2025-07-20,C102,P2,Books,4,1871,5,Website,Bangalore,0,Delhi,45-54,F,Marketplace,2026-03-17,8,20359,2025-10-12,0,Product_2,Home,3191,957,234,143,7484,374.2,7109.8
T102,2025-08-19,C103,P3,Sports,3,559,5,Website,Mumbai,0,Chennai,35-44,F,Offline,2026-05-20,15,19141,2026-04-26,0,Product_3,Electronics,2561,768,121,24,1677,83.85,1593.15
T103,2025-06-16,C104,P4,Sports,3,4008,10,Marketplace,Bangalore,0,Hyderabad,55+,F,Offline,2025-11-09,6,38307,2026-05-16,0,Product_4,Apparel,3242,1069,490,184,12024,1202.4,10821.6
T104,2025-06-02,C105,P5,Apparel,5,3004,0,Marketplace,Kolkata,0,Mumbai,55+,F,Marketplace,2024-12-28,18,5263,2025-12-22,0,Product_5,Apparel,1119,369,388,27,15020,0.0,15020.0
T105,2025-08-25,C106,P6,Books,3,953,0,Offline,Pune,0,Pune,45-54,F,Marketplace,2025-09-02,14,48843,2026-03-14,0,Product_6,Electronics,1835,550,8,167,2859,0.0,2859.0
T106,2026-05-05,C107,P7,Health,3,4535,0,Offline,Pune,0,Hyderabad,55+,M,Website,2025-04-17,13,37631,2025-09-19,0,Product_7,Home,2808,1207,162,199,13605,0.0,13605.0
T107,2024-09-11,C108,P8,Electronics,1,992,10,Marketplace,Hyderabad,0,Mumbai,35-44,M,Marketplace,2026-05-30,20,28960,2025-07-11,0,Product_8,Electronics,1667,800,408,173,992,99.2,892.8
T108,2025-09-19,C109,P9,Apparel,4,2302,0,App,Kolkata,0,Hyderabad,25-34,M,Website,2025-08-24,17,35130,2025-09-18,0,Product_9,Apparel,2580,851,138,188,9208,0.0,9208.0
T109,2025-03-15,C110,P10,Electronics,1,2865,0,Offline,Chennai,0,Bangalore,45-54,F,Offline,2026-05-04,3,47650,2025-09-09,0,Product_10,Grocery,1054,527,352,102,2865,0.0,2865.0
T110,2025-02-08,C111,P11,Sports,2,4245,5,Offline,Mumbai,0,Pune,18-24,M,Marketplace,2025-02-15,3,42575,2026-06-25,0,Product_11,Electronics,1011,434,302,11,8490,424.5,8065.5
T111,2024-08-24,C112,P12,Home,1,2063,0,Marketplace,Delhi,0,Hyderabad,55+,M,Offline,2025-02-09,2,29370,2025-09-06,0,Product_12,Apparel,562,174,454,142,2063,0.0,2063.0
T112,2024-09-10,C113,P13,Grocery,4,2155,0,Marketplace,Delhi,1,Hyderabad,45-54,M,Offline,2024-09-17,19,27915,2025-08-24,0,Product_13,Electronics,4992,1497,127,97,8620,0.0,8620.0
T113,2024-10-24,C114,P14,Sports,1,3248,0,Marketplace,Chennai,0,Bangalore,25-34,F,App,2025-12-28,20,41949,2025-10-14,0,Product_14,Grocery,4389,1931,289,11,3248,0.0,3248.0
T114,2025-05-20,C115,P15,Sports,1,2139,15,Website,Kolkata,0,Bangalore,55+,F,Website,2025-01-16,17,3538,2026-02-16,0,Product_15,Grocery,853,281,446,190,2139,320.85,1818.15
T115,2024-08-11,C116,P16,Sports,5,642,0,Marketplace,Chennai,0,Pune,25-34,F,Website,2025-06-12,17,22192,2026-03-03,0,Product_16,Grocery,2315,1088,256,76,3210,0.0,3210.0
T116,2024-08-04,C117,P17,Grocery,3,4053,0,Website,Jaipur,0,Chennai,45-54,M,Offline,2024-11-29,5,17376,2025-07-12,0,Product_17,Electronics,236,82,167,134,12159,0.0,12159.0
T117,2024-12-11,C118,P18,Beauty,4,1926,0,Website,Hyderabad,0,Hyderabad,35-44,M,App,2025-02-17,18,43454,2026-07-01,0,Product_18,Home,3080,1108,114,33,7704,0.0,7704.0
T118,2025-09-17,C119,P19,Sports,3,2785,15,Offline,Hyderabad,0,Delhi,18-24,F,Offline,2025-08-31,11,33469,2025-08-11,0,Product_19,Apparel,895,393,498,181,8355,1253.25,7101.75
T119,2025-09-17,C120,P20,Books,2,4506,0,Marketplace,Pune,0,Mumbai,18-24,M,Marketplace,2025-12-11,8,35512,2026-06-02,0,Product_20,Beauty,133,45,396,138,9012,0.0,9012.0
T120,2025-12-10,C121,P21,Beauty,2,1427,5,Marketplace,Chennai,0,Pune,45-54,M,App,2024-07-30,20,46108,2025-07-28,0,Product_21,Beauty,1363,504,290,52,2854,142.7,2711.3
T121,2024-09-05,C122,P22,Sports,2,3697,0,Marketplace,Kolkata,0,Hyderabad,55+,F,App,2025-06-23,17,23201,2026-02-24,0,Product_22,Electronics,4371,2010,427,18,7394,0.0,7394.0
T122,2025-04-28,C123,P23,Grocery,2,1557,0,Website,Mumbai,0,Pune,45-54,M,Website,2024-07-14,20,48091,2025-07-21,0,Product_23,Grocery,1211,569,460,104,3114,0.0,3114.0
T123,2025-08-19,C124,P24,Beauty,5,4987,0,Website,Delhi,0,Pune,55+,M,App,2024-11-28,14,44665,2025-07-29,0,Product_24,Grocery,2140,963,138,140,24935,0.0,24935.0
T124,2026-04-02,C125,P25,Beauty,1,3846,0,App,Jaipur,0,Mumbai,55+,M,App,2025-12-04,18,32732,2026-01-27,0,Product_25,Apparel,2330,1048,250,178,3846,0.0,3846.0
T125,2025-01-25,C126,P26,Sports,5,3203,0,App,Jaipur,0,Mumbai,25-34,M,Offline,2025-09-15,11,35888,2025-09-21,0,Product_26,Electronics,3743,1908,458,106,16015,0.0,16015.0
T126,2025-02-20,C127,P27,Home,1,3673,5,Website,Chennai,0,Mumbai,18-24,F,App,2026-04-12,3,9557,2026-02-17,0,Product_27,Beauty,4124,1237,236,8,3673,183.65,3489.35
T127,2026-01-03,C128,P28,Grocery,5,1029,0,Website,Hyderabad,0,Mumbai,45-54,M,Website,2026-03-30,20,7834,2026-02-16,0,Product_28,Beauty,1036,559,146,139,5145,0.0,5145.0
T128,2026-05-24,C129,P29,Books,4,2499,0,Marketplace,Pune,0,Bangalore,45-54,F,Website,2025-05-21,10,20872,2026-03-11,0,Product_29,Beauty,2307,738,379,136,9996,0.0,9996.0
T129,2024-10-02,C130,P30,Health,4,3780,0,Offline,Delhi,0,Pune,25-34,F,Offline,2025-10-19,18,18947,2026-04-11,0,Product_30,Apparel,574,269,402,192,15120,0.0,15120.0
T130,2024-11-14,C131,P31,Books,3,3207,0,Website,Bangalore,0,Mumbai,35-44,M,App,2024-12-20,8,8706,2025-12-04,0,Product_31,Home,4429,1683,374,103,9621,0.0,9621.0
T131,2025-10-03,C132,P32,Beauty,5,1720,0,App,Kolkata,0,Delhi,55+,F,Website,2025-01-02,5,20911,2026-05-16,0,Product_32,Electronics,3713,1856,294,49,8600,0.0,8600.0
T132,2024-09-14,C133,P33,Health,2,3719,0,Offline,Kolkata,0,Pune,18-24,F,Website,2025-12-04,19,4285,2025-10-13,0,Product_33,Beauty,2533,1266,385,138,7438,0.0,7438.0
T133,2024-09-24,C134,P34,Beauty,1,2152,0,Website,Pune,0,Chennai,35-44,M,Website,2025-03-30,16,22761,2026-01-17,0,Product_34,Electronics,868,442,195,143,2152,0.0,2152.0
T134,2025-05-23,C135,P35,Sports,5,2823,0,Website,Pune,0,Bangalore,35-44,M,Website,2025-12-30,13,25142,2025-08-22,0,Product_35,Home,3394,1730,32,16,14115,0.0,14115.0
T135,2026-03-06,C136,P36,Apparel,1,3550,0,Website,Chennai,0,Chennai,25-34,F,Marketplace,2026-05-16,4,40281,2025-09-30,0,Product_36,Home,4398,2242,52,28,3550,0.0,3550.0
T136,2025-03-18,C137,P37,Home,3,2120,10,Website,Hyderabad,0,Delhi,45-54,F,Marketplace,2026-02-24,13,16464,2026-04-18,0,Product_37,Apparel,1414,692,483,25,6360,636.0,5724.0
T137,2025-11-06,C138,P38,Grocery,1,3555,0,App,Kolkata,0,Pune,45-54,M,Offline,2024-07-24,9,4056,2026-03-01,0,Product_38,Home,4479,2329,199,148,3555,0.0,3555.0
T138,2024-07-02,C139,P39,Electronics,4,1619,0,App,Pune,0,Hyderabad,25-34,F,Offline,2025-09-21,19,14278,2026-06-27,0,Product_39,Beauty,1082,324,228,192,6476,0.0,6476.0
T139,2025-09-19,C140,P40,Grocery,4,545,15,Website,Delhi,0,Mumbai,55+,M,Marketplace,2025-02-28,14,29222,2026-04-29,0,Product_40,Electronics,579,237,447,9,2180,327.0,1853.0
T140,2026-04-12,C141,P41,Home,5,3650,15,App,Kolkata,1,Chennai,55+,F,App,2025-12-08,12,35950,2025-10-26,0,Product_41,Grocery,2620,943,175,27,18250,2737.5,15512.5
T141,2025-01-19,C142,P42,Grocery,4,2614,0,App,Delhi,0,Hyderabad,35-44,F,App,2024-08-14,12,15357,2025-11-01,0,Product_42,Beauty,389,151,78,111,10456,0.0,10456.0
T142,2024-08-06,C143,P43,Books,1,3699,0,Offline,Hyderabad,0,Mumbai,25-34,M,Marketplace,2025-02-18,14,3898,2025-11-19,0,Product_43,Electronics,721,295,146,105,3699,0.0,3699.0
T143,2026-03-28,C144,P44,Home,3,644,10,App,Chennai,0,Bangalore,55+,F,Offline,2025-07-04,11,42058,2025-07-25,0,Product_44,Home,4903,1814,314,164,1932,193.2,1738.8
T144,2026-04-24,C145,P45,Apparel,3,2431,15,Marketplace,Delhi,0,Pune,35-44,F,App,2024-11-22,1,49526,2026-04-06,1,Product_45,Apparel,4036,1896,285,146,7293,1093.95,6199.05
T145,2025-05-05,C146,P46,Sports,3,2849,15,App,Chennai,0,Hyderabad,25-34,F,Website,2025-01-03,11,8217,2025-07-20,0,Product_46,Electronics,634,253,372,55,8547,1282.05,7264.95
T146,2026-05-20,C147,P47,Health,3,2867,0,Website,Hyderabad,0,Pune,35-44,M,Website,2026-05-16,7,10878,2026-06-06,0,Product_47,Beauty,1235,580,183,144,8601,0.0,8601.0
T147,2026-04-24,C148,P48,Home,4,4995,0,Offline,Bangalore,0,Pune,35-44,M,Offline,2025-05-18,13,42915,2026-04-09,0,Product_48,Home,1309,641,400,114,19980,0.0,19980.0
T148,2026-04-25,C149,P49,Apparel,3,2671,0,Marketplace,Chennai,0,Mumbai,25-34,F,Offline,2025-04-23,19,32558,2026-01-08,0,Product_49,Grocery,1320,673,99,51,8013,0.0,8013.0
T149,2025-01-20,C150,P50,Electronics,3,4748,5,Website,Chennai,1,Hyderabad,35-44,F,Website,2026-03-13,20,11730,2025-10-23,0,Product_50,Electronics,2448,954,197,103,14244,712.2,13531.8
T150,2025-10-03,C151,P1,Apparel,5,4403,0,App,Kolkata,1,Mumbai,25-34,F,Offline,2024-09-28,16,48320,2026-04-22,0,Product_1,Beauty,4921,2017,383,112,22015,0.0,22015.0
T151,2024-10-20,C152,P2,Grocery,5,4126,15,Offline,Bangalore,0,Pune,55+,M,App,2025-05-11,7,35262,2026-06-23,0,Product_2,Home,3191,957,234,143,20630,3094.5,17535.5
T152,2025-09-06,C153,P3,Books,4,4197,15,Website,Bangalore,0,Pune,45-54,M,Offline,2026-04-20,8,20887,2026-01-25,0,Product_3,Electronics,2561,768,121,24,16788,2518.2,14269.8
T153,2025-11-22,C154,P4,Grocery,4,1352,15,App,Pune,0,Delhi,45-54,M,Offline,2024-10-17,15,11585,2025-11-30,0,Product_4,Apparel,3242,1069,490,184,5408,811.2,4596.8
T154,2026-03-18,C155,P5,Home,4,3727,0,Offline,Hyderabad,0,Pune,18-24,F,App,2026-05-09,18,42455,2025-12-11,0,Product_5,Apparel,1119,369,388,27,14908,0.0,14908.0
T155,2025-03-12,C156,P6,Grocery,3,4945,5,Offline,Chennai,1,Delhi,45-54,M,Marketplace,2024-10-17,2,20889,2026-06-08,0,Product_6,Electronics,1835,550,8,167,14835,741.75,14093.25
T156,2026-04-27,C157,P7,Grocery,1,4260,0,App,Hyderabad,0,Mumbai,18-24,F,App,2026-05-28,13,42847,2025-09-19,0,Product_7,Home,2808,1207,162,199,4260,0.0,4260.0
T157,2024-08-08,C158,P8,Home,3,4957,15,Offline,Mumbai,0,Bangalore,25-34,F,Offline,2025-10-31,10,37918,2025-11-23,0,Product_8,Electronics,1667,800,408,173,14871,2230.65,12640.35
T158,2025-10-06,C159,P9,Electronics,1,900,0,Marketplace,Hyderabad,0,Delhi,18-24,M,Website,2025-04-13,20,24398,2025-10-16,0,Product_9,Apparel,2580,851,138,188,900,0.0,900.0
T159,2025-05-23,C160,P10,Health,5,4766,10,Website,Jaipur,0,Bangalore,18-24,M,Marketplace,2025-02-08,3,47547,2025-12-27,0,Product_10,Grocery,1054,527,352,102,23830,2383.0,21447.0
T160,2024-11-06,C161,P11,Electronics,5,2403,5,Marketplace,Kolkata,0,Delhi,18-24,F,Offline,2025-04-01,16,42087,2026-06-17,0,Product_11,Electronics,1011,434,302,11,12015,600.75,11414.25
T161,2025-11-22,C162,P12,Electronics,1,2314,0,Offline,Kolkata,0,Mumbai,55+,M,App,2025-04-10,15,47463,2026-06-13,0,Product_12,Apparel,562,174,454,142,2314,0.0,2314.0
T162,2026-02-08,C163,P13,Sports,3,4977,0,Marketplace,Chennai,0,Mumbai,18-24,M,Offline,2025-07-02,10,5008,2026-04-11,0,Product_13,Electronics,4992,1497,127,97,14931,0.0,14931.0
T163,2026-04-27,C164,P14,Sports,1,3493,0,App,Chennai,0,Mumbai,55+,F,Website,2025-06-22,3,15740,2025-10-27,0,Product_14,Grocery,4389,1931,289,11,3493,0.0,3493.0
T164,2024-12-24,C165,P15,Apparel,4,552,10,Website,Kolkata,0,Pune,45-54,M,Website,2025-09-08,18,13955,2026-04-03,0,Product_15,Grocery,853,281,446,190,2208,220.8,1987.2
T165,2025-01-08,C166,P16,Books,2,3546,0,Website,Hyderabad,0,Pune,35-44,M,Website,2025-06-15,11,40423,2026-06-23,0,Product_16,Grocery,2315,1088,256,76,7092,0.0,7092.0
T166,2025-09-19,C167,P17,Apparel,5,4001,0,App,Jaipur,0,Hyderabad,55+,M,Offline,2025-03-04,5,14669,2026-01-15,0,Product_17,Electronics,236,82,167,134,20005,0.0,20005.0
T167,2026-04-25,C168,P18,Health,2,3115,0,App,Chennai,0,Pune,55+,F,Marketplace,2025-04-05,18,7129,2026-07-01,0,Product_18,Home,3080,1108,114,33,6230,0.0,6230.0
T168,2024-09-27,C169,P19,Beauty,3,3979,0,Offline,Jaipur,1,Pune,45-54,M,Website,2025-11-10,13,37718,2025-07-08,0,Product_19,Apparel,895,393,498,181,11937,0.0,11937.0
T169,2025-07-09,C170,P20,Electronics,1,3924,0,Offline,Pune,0,Delhi,55+,M,Marketplace,2025-12-26,8,21951,2026-06-01,0,Product_20,Beauty,133,45,396,138,3924,0.0,3924.0
T170,2025-11-21,C171,P21,Sports,4,4586,0,Marketplace,Chennai,0,Chennai,25-34,F,Offline,2024-12-10,3,43199,2026-06-16,0,Product_21,Beauty,1363,504,290,52,18344,0.0,18344.0
T171,2025-08-26,C172,P22,Home,4,4107,15,Marketplace,Chennai,0,Delhi,18-24,F,Website,2024-09-12,20,5960,2026-03-19,0,Product_22,Electronics,4371,2010,427,18,16428,2464.2,13963.8
T172,2026-03-19,C173,P23,Grocery,5,923,15,Offline,Kolkata,0,Chennai,45-54,F,Offline,2024-08-30,14,2339,2025-11-16,0,Product_23,Grocery,1211,569,460,104,4615,692.25,3922.75
T173,2026-03-04,C174,P24,Sports,1,2489,0,Offline,Pune,0,Delhi,35-44,F,App,2025-11-21,8,7900,2025-11-15,0,Product_24,Grocery,2140,963,138,140,2489,0.0,2489.0
T174,2024-09-23,C175,P25,Beauty,5,1721,15,Website,Bangalore,0,Mumbai,45-54,F,App,2024-11-16,10,13671,2025-09-25,0,Product_25,Apparel,2330,1048,250,178,8605,1290.75,7314.25
T175,2026-03-08,C176,P26,Beauty,3,2083,15,Website,Chennai,0,Pune,18-24,F,Marketplace,2025-04-29,15,36959,2025-07-10,0,Product_26,Electronics,3743,1908,458,106,6249,937.35,5311.65
T176,2025-09-23,C177,P27,Home,3,4974,0,Website,Pune,0,Bangalore,25-34,M,Website,2025-09-01,18,47329,2026-03-15,0,Product_27,Beauty,4124,1237,236,8,14922,0.0,14922.0
T177,2025-08-10,C178,P28,Apparel,2,1357,5,Offline,Bangalore,0,Delhi,25-34,M,Website,2025-01-25,6,40663,2025-07-20,0,Product_28,Beauty,1036,559,146,139,2714,135.7,2578.3
T178,2025-06-20,C179,P29,Health,4,3234,5,Marketplace,Kolkata,0,Mumbai,18-24,F,Offline,2026-04-18,15,27569,2026-04-23,0,Product_29,Beauty,2307,738,379,136,12936,646.8,12289.2
T179,2025-04-05,C180,P30,Electronics,4,3863,10,Website,Bangalore,0,Chennai,45-54,F,Offline,2024-09-08,2,12501,2026-01-30,0,Product_30,Apparel,574,269,402,192,15452,1545.2,13906.8
T180,2025-08-28,C181,P31,Apparel,1,3435,10,Marketplace,Chennai,0,Delhi,55+,M,Website,2026-05-20,17,25484,2026-02-19,0,Product_31,Home,4429,1683,374,103,3435,343.5,3091.5
T181,2024-11-18,C182,P32,Books,4,1677,0,Marketplace,Hyderabad,0,Delhi,45-54,F,App,2025-05-02,14,27596,2026-05-01,0,Product_32,Electronics,3713,1856,294,49,6708,0.0,6708.0
T182,2024-12-15,C183,P33,Beauty,3,974,0,App,Hyderabad,0,Bangalore,35-44,M,Offline,2025-11-04,16,18226,2026-03-18,0,Product_33,Beauty,2533,1266,385,138,2922,0.0,2922.0
T183,2024-07-14,C184,P34,Electronics,3,4969,0,Marketplace,Bangalore,0,Bangalore,25-34,M,App,2025-10-21,5,49920,2025-11-27,0,Product_34,Electronics,868,442,195,143,14907,0.0,14907.0
T184,2026-02-05,C185,P35,Home,1,4294,5,App,Mumbai,0,Chennai,25-34,F,Website,2026-04-04,15,9625,2025-10-17,0,Product_35,Home,3394,1730,32,16,4294,214.7,4079.3
T185,2024-08-03,C186,P36,Apparel,3,3055,0,Offline,Bangalore,0,Hyderabad,55+,M,Offline,2024-12-10,17,34470,2026-06-03,0,Product_36,Home,4398,2242,52,28,9165,0.0,9165.0
T186,2026-04-28,C187,P37,Apparel,2,4855,0,Marketplace,Kolkata,0,Hyderabad,45-54,M,Website,2025-02-28,17,22346,2025-10-03,0,Product_37,Apparel,1414,692,483,25,9710,0.0,9710.0
T187,2024-07-09,C188,P38,Grocery,4,2631,15,Offline,Mumbai,0,Chennai,35-44,F,Offline,2026-03-16,11,13341,2026-05-07,0,Product_38,Home,4479,2329,199,148,10524,1578.6,8945.4
T188,2024-07-23,C189,P39,Apparel,3,4218,0,Offline,Chennai,0,Delhi,55+,M,Offline,2025-10-17,4,18839,2025-11-23,0,Product_39,Beauty,1082,324,228,192,12654,0.0,12654.0
T189,2025-06-27,C190,P40,Sports,2,945,0,Marketplace,Kolkata,0,Bangalore,25-34,M,App,2025-08-23,1,3775,2025-09-22,1,Product_40,Electronics,579,237,447,9,1890,0.0,1890.0
T190,2025-08-19,C191,P41,Beauty,4,951,10,Website,Kolkata,0,Hyderabad,45-54,F,Marketplace,2025-02-19,17,1535,2025-07-24,0,Product_41,Grocery,2620,943,175,27,3804,380.4,3423.6
T191,2024-11-25,C192,P42,Sports,5,1135,5,Offline,Bangalore,0,Hyderabad,45-54,F,Website,2024-10-22,12,16681,2026-02-17,0,Product_42,Beauty,389,151,78,111,5675,283.75,5391.25
T192,2024-07-22,C193,P43,Beauty,4,3751,5,Website,Delhi,0,Mumbai,18-24,F,Marketplace,2024-12-11,12,9229,2026-04-19,0,Product_43,Electronics,721,295,146,105,15004,750.2,14253.8
T193,2025-04-22,C194,P44,Books,1,1172,15,Marketplace,Kolkata,0,Hyderabad,45-54,F,App,2025-11-19,13,40743,2025-08-17,0,Product_44,Home,4903,1814,314,164,1172,175.8,996.2
T194,2026-05-07,C195,P45,Beauty,3,1724,15,App,Chennai,0,Bangalore,25-34,M,Website,2025-09-28,9,26103,2026-03-21,0,Product_45,Apparel,4036,1896,285,146,5172,775.8,4396.2
T195,2024-10-01,C196,P46,Grocery,4,3795,5,Website,Jaipur,0,Delhi,55+,F,App,2025-05-25,16,41188,2026-07-07,0,Product_46,Electronics,634,253,372,55,15180,759.0,14421.0
T196,2025-10-13,C197,P47,Apparel,1,4308,0,App,Bangalore,0,Hyderabad,18-24,M,Website,2026-01-29,5,17607,2026-06-08,0,Product_47,Beauty,1235,580,183,144,4308,0.0,4308.0
T197,2025-07-08,C198,P48,Books,5,622,0,App,Bangalore,0,Delhi,35-44,F,Website,2024-08-09,18,7550,2025-12-26,0,Product_48,Home,1309,641,400,114,3110,0.0,3110.0
T198,2024-10-23,C199,P49,Health,1,3991,5,Offline,Chennai,0,Mumbai,45-54,M,App,2026-01-03,20,32471,2026-03-06,0,Product_49,Grocery,1320,673,99,51,3991,199.55,3791.45
T199,2025-10-22,C200,P50,Beauty,4,2741,15,Marketplace,Chennai,0,Mumbai,55+,M,Website,2025-09-25,17,45177,2025-07-12,0,Product_50,Electronics,2448,954,197,103,10964,1644.6,9319.4
T200,2025-08-07,C1,P1,Grocery,5,667,0,Website,Jaipur,1,Delhi,18-24,F,Marketplace,2025-11-08,19,33219,2026-04-27,0,Product_1,Beauty,4921,2017,383,112,3335,0.0,3335.0
T201,2025-01-25,C2,P2,Beauty,1,1630,0,Offline,Pune,0,Mumbai,18-24,M,App,2025-03-19,4,7139,2025-11-11,0,Product_2,Home,3191,957,234,143,1630,0.0,1630.0
T202,2025-04-18,C3,P3,Apparel,4,4558,5,App,Mumbai,0,Hyderabad,18-24,F,Marketplace,2025-04-03,3,10843,2025-12-22,0,Product_3,Electronics,2561,768,121,24,18232,911.6,17320.4
T203,2025-12-07,C4,P4,Grocery,1,762,5,Marketplace,Pune,0,Pune,45-54,M,Marketplace,2024-09-13,17,44332,2026-06-01,0,Product_4,Apparel,3242,1069,490,184,762,38.1,723.9
T204,2025-10-06,C5,P5,Apparel,4,3844,15,App,Delhi,0,Pune,45-54,F,Offline,2024-11-27,7,36395,2026-04-11,0,Product_5,Apparel,1119,369,388,27,15376,2306.4,13069.6
T205,2025-08-24,C6,P6,Health,5,4832,0,Offline,Bangalore,0,Delhi,35-44,M,Website,2025-10-13,15,25969,2025-10-23,0,Product_6,Electronics,1835,550,8,167,24160,0.0,24160.0
T206,2025-01-20,C7,P7,Health,2,3662,10,Marketplace,Chennai,1,Bangalore,45-54,F,Marketplace,2025-07-16,13,39958,2025-07-28,0,Product_7,Home,2808,1207,162,199,7324,732.4,6591.6
T207,2025-10-06,C8,P8,Sports,4,4592,0,Website,Chennai,0,Delhi,18-24,M,Website,2025-09-16,15,17133,2025-07-24,0,Product_8,Electronics,1667,800,408,173,18368,0.0,18368.0
T208,2026-04-08,C9,P9,Home,3,3756,0,Website,Jaipur,0,Bangalore,55+,F,Website,2025-10-27,16,16310,2025-10-29,0,Product_9,Apparel,2580,851,138,188,11268,0.0,11268.0
T209,2024-09-10,C10,P10,Home,1,683,0,Offline,Hyderabad,0,Chennai,45-54,F,App,2025-12-26,3,35834,2025-10-20,0,Product_10,Grocery,1054,527,352,102,683,0.0,683.0
T210,2025-04-01,C11,P11,Sports,3,2736,15,Offline,Jaipur,1,Hyderabad,35-44,F,Offline,2026-04-27,16,48219,2026-04-21,0,Product_11,Electronics,1011,434,302,11,8208,1231.2,6976.8
T211,2025-04-22,C12,P12,Sports,2,2328,0,Website,Bangalore,0,Mumbai,25-34,M,App,2025-03-24,11,31189,2026-02-01,0,Product_12,Apparel,562,174,454,142,4656,0.0,4656.0
T212,2025-12-08,C13,P13,Sports,2,2888,0,Website,Pune,1,Chennai,18-24,M,App,2024-09-20,4,7985,2026-01-29,0,Product_13,Electronics,4992,1497,127,97,5776,0.0,5776.0
T213,2024-08-25,C14,P14,Electronics,1,1921,15,Offline,Mumbai,0,Chennai,18-24,F,Marketplace,2026-04-27,17,22041,2026-03-31,0,Product_14,Grocery,4389,1931,289,11,1921,288.15,1632.85
T214,2025-08-07,C15,P15,Apparel,2,4091,15,App,Mumbai,0,Pune,45-54,F,App,2024-12-16,7,31378,2025-08-23,0,Product_15,Grocery,853,281,446,190,8182,1227.3,6954.7
T215,2025-07-11,C16,P16,Health,4,4296,15,Marketplace,Bangalore,0,Pune,45-54,F,Marketplace,2026-04-30,1,30102,2025-09-23,1,Product_16,Grocery,2315,1088,256,76,17184,2577.6,14606.4
T216,2025-10-15,C17,P17,Books,3,4094,0,Offline,Chennai,0,Delhi,35-44,F,Website,2025-09-05,7,12781,2026-02-16,0,Product_17,Electronics,236,82,167,134,12282,0.0,12282.0
T217,2026-03-08,C18,P18,Apparel,3,3776,0,Offline,Bangalore,0,Mumbai,55+,F,App,2025-06-21,14,30669,2025-07-22,0,Product_18,Home,3080,1108,114,33,11328,0.0,11328.0
T218,2025-06-23,C19,P19,Apparel,3,2720,0,App,Mumbai,0,Hyderabad,45-54,M,Website,2024-11-26,15,45028,2026-07-03,0,Product_19,Apparel,895,393,498,181,8160,0.0,8160.0
T219,2024-08-22,C20,P20,Sports,3,2114,5,Marketplace,Hyderabad,1,Bangalore,55+,F,Website,2025-10-28,3,13847,2026-03-13,0,Product_20,Beauty,133,45,396,138,6342,317.1,6024.9
T220,2024-11-03,C21,P21,Health,4,3441,0,App,Bangalore,0,Mumbai,45-54,F,App,2025-12-19,16,36885,2025-09-03,0,Product_21,Beauty,1363,504,290,52,13764,0.0,13764.0
T221,2024-11-20,C22,P22,Electronics,5,3806,5,Website,Delhi,1,Hyderabad,35-44,F,Website,2024-07-17,14,12005,2026-05-11,0,Product_22,Electronics,4371,2010,427,18,19030,951.5,18078.5
T222,2026-03-12,C23,P23,Beauty,3,4274,0,Marketplace,Mumbai,0,Chennai,35-44,F,App,2025-11-10,12,19980,2025-10-18,0,Product_23,Grocery,1211,569,460,104,12822,0.0,12822.0
T223,2025-01-09,C24,P24,Grocery,4,2750,15,Offline,Bangalore,0,Pune,18-24,F,Website,2025-07-13,13,24297,2026-02-25,0,Product_24,Grocery,2140,963,138,140,11000,1650.0,9350.0
T224,2025-09-21,C25,P25,Apparel,5,3143,5,Offline,Chennai,0,Pune,25-34,M,App,2025-01-07,12,7769,2026-05-15,0,Product_25,Apparel,2330,1048,250,178,15715,785.75,14929.25
T225,2025-03-06,C26,P26,Apparel,4,3227,0,Website,Hyderabad,1,Pune,55+,F,App,2026-03-25,13,17111,2025-08-09,0,Product_26,Electronics,3743,1908,458,106,12908,0.0,12908.0
T226,2024-08-19,C27,P27,Health,2,747,10,Marketplace,Jaipur,0,Pune,18-24,F,Offline,2025-10-31,14,40325,2025-09-12,0,Product_27,Beauty,4124,1237,236,8,1494,149.4,1344.6
T227,2024-11-02,C28,P28,Home,3,985,0,Marketplace,Jaipur,0,Delhi,45-54,F,Offline,2025-10-13,3,48993,2026-06-10,0,Product_28,Beauty,1036,559,146,139,2955,0.0,2955.0
T228,2024-09-08,C29,P29,Health,5,2870,0,Marketplace,Mumbai,1,Delhi,25-34,F,Website,2024-11-13,11,888,2026-03-12,0,Product_29,Beauty,2307,738,379,136,14350,0.0,14350.0
T229,2025-08-20,C30,P30,Grocery,5,3604,0,Website,Jaipur,0,Delhi,55+,M,Website,2026-04-03,11,18096,2026-02-23,0,Product_30,Apparel,574,269,402,192,18020,0.0,18020.0
T230,2024-12-15,C31,P31,Health,4,1707,5,Marketplace,Mumbai,0,Mumbai,45-54,F,Offline,2025-09-30,19,8069,2026-04-16,0,Product_31,Home,4429,1683,374,103,6828,341.4,6486.6
T231,2025-07-11,C32,P32,Health,4,3500,0,Offline,Jaipur,0,Bangalore,25-34,F,Marketplace,2024-07-22,16,12293,2025-07-13,0,Product_32,Electronics,3713,1856,294,49,14000,0.0,14000.0
T232,2026-06-17,C33,P33,Electronics,1,4982,0,Marketplace,Mumbai,0,Pune,18-24,F,Marketplace,2026-05-13,7,5600,2026-05-14,0,Product_33,Beauty,2533,1266,385,138,4982,0.0,4982.0
T233,2026-06-01,C34,P34,Home,2,4046,0,App,Bangalore,0,Mumbai,55+,F,App,2024-09-08,18,49538,2026-03-03,0,Product_34,Electronics,868,442,195,143,8092,0.0,8092.0
T234,2025-04-26,C35,P35,Beauty,5,4594,10,Website,Kolkata,0,Delhi,45-54,F,Website,2025-02-20,2,42758,2025-11-21,0,Product_35,Home,3394,1730,32,16,22970,2297.0,20673.0
T235,2024-09-19,C36,P36,Grocery,5,637,0,Website,Hyderabad,0,Hyderabad,45-54,F,Offline,2025-05-04,2,27177,2025-08-03,0,Product_36,Home,4398,2242,52,28,3185,0.0,3185.0
T236,2024-12-05,C37,P37,Electronics,4,1026,0,Offline,Jaipur,0,Chennai,45-54,F,App,2024-08-22,5,6787,2026-06-29,0,Product_37,Apparel,1414,692,483,25,4104,0.0,4104.0
T237,2024-08-14,C38,P38,Apparel,4,2465,15,Marketplace,Hyderabad,0,Mumbai,18-24,M,Offline,2024-12-15,9,3113,2025-08-20,0,Product_38,Home,4479,2329,199,148,9860,1479.0,8381.0
T238,2025-03-11,C39,P39,Sports,4,3248,5,Website,Delhi,0,Delhi,25-34,F,App,2026-05-08,18,31740,2025-08-14,0,Product_39,Beauty,1082,324,228,192,12992,649.6,12342.4
T239,2026-04-09,C40,P40,Apparel,1,3881,0,Website,Jaipur,0,Bangalore,45-54,F,Offline,2025-08-30,4,13150,2025-11-04,0,Product_40,Electronics,579,237,447,9,3881,0.0,3881.0
T240,2026-05-21,C41,P41,Apparel,2,2494,0,App,Mumbai,1,Pune,45-54,M,Website,2025-07-18,5,34432,2025-11-17,0,Product_41,Grocery,2620,943,175,27,4988,0.0,4988.0
T241,2025-07-13,C42,P42,Beauty,5,783,0,Offline,Jaipur,0,Hyderabad,25-34,F,Offline,2024-10-17,12,43780,2026-05-19,0,Product_42,Beauty,389,151,78,111,3915,0.0,3915.0
T242,2025-02-19,C43,P43,Books,2,928,0,App,Delhi,0,Hyderabad,18-24,M,Marketplace,2024-10-27,14,49389,2026-04-05,0,Product_43,Electronics,721,295,146,105,1856,0.0,1856.0
T243,2025-05-28,C44,P44,Electronics,1,1225,5,Marketplace,Bangalore,0,Chennai,55+,F,App,2024-07-30,1,32271,2025-10-13,0,Product_44,Home,4903,1814,314,164,1225,61.25,1163.75
T244,2025-08-10,C45,P45,Beauty,4,4624,0,Marketplace,Hyderabad,0,Chennai,35-44,F,Offline,2026-04-21,3,14570,2026-06-14,0,Product_45,Apparel,4036,1896,285,146,18496,0.0,18496.0
T245,2026-01-20,C46,P46,Books,1,4694,5,App,Jaipur,0,Pune,18-24,M,Marketplace,2024-12-13,8,37125,2025-08-28,0,Product_46,Electronics,634,253,372,55,4694,234.7,4459.3
T246,2025-03-07,C47,P47,Electronics,5,1638,0,App,Mumbai,0,Mumbai,45-54,M,Marketplace,2026-04-15,7,19656,2026-04-25,0,Product_47,Beauty,1235,580,183,144,8190,0.0,8190.0
T247,2025-12-10,C48,P48,Books,5,2028,10,Offline,Bangalore,0,Mumbai,18-24,F,Website,2025-02-23,13,41095,2026-03-17,0,Product_48,Home,1309,641,400,114,10140,1014.0,9126.0
T248,2024-11-28,C49,P49,Sports,4,1459,10,Offline,Chennai,0,Chennai,18-24,M,Marketplace,2025-10-10,6,33287,2026-06-08,0,Product_49,Grocery,1320,673,99,51,5836,583.6,5252.4
T249,2025-12-15,C50,P50,Apparel,3,1548,0,Offline,Pune,0,Pune,18-24,M,App,2025-04-09,10,6621,2026-03-24,0,Product_50,Electronics,2448,954,197,103,4644,0.0,4644.0
T250,2024-09-13,C51,P1,Home,2,4597,0,App,Kolkata,0,Bangalore,18-24,M,Offline,2025-06-09,15,44027,2025-08-03,0,Product_1,Beauty,4921,2017,383,112,9194,0.0,9194.0
T251,2025-07-07,C52,P2,Beauty,2,1951,5,App,Chennai,0,Hyderabad,45-54,F,Offline,2025-12-28,20,8043,2025-10-18,0,Product_2,Home,3191,957,234,143,3902,195.1,3706.9
T252,2025-05-09,C53,P3,Health,4,3695,15,Marketplace,Delhi,0,Bangalore,55+,F,Offline,2024-12-24,1,20361,2026-05-15,1,Product_3,Electronics,2561,768,121,24,14780,2217.0,12563.0
T253,2026-03-12,C54,P4,Sports,5,629,15,Offline,Pune,0,Chennai,35-44,M,Website,2025-06-16,17,34194,2025-11-24,0,Product_4,Apparel,3242,1069,490,184,3145,471.75,2673.25
T254,2025-08-21,C55,P5,Beauty,1,4496,0,Offline,Mumbai,0,Bangalore,18-24,F,Website,2024-10-09,20,38944,2026-06-15,0,Product_5,Apparel,1119,369,388,27,4496,0.0,4496.0
T255,2025-05-09,C56,P6,Sports,3,4135,0,App,Kolkata,0,Hyderabad,55+,M,Website,2024-10-31,12,10093,2025-10-18,0,Product_6,Electronics,1835,550,8,167,12405,0.0,12405.0
T256,2026-02-01,C57,P7,Beauty,1,4142,0,Marketplace,Bangalore,0,Chennai,25-34,F,Website,2026-03-25,13,1032,2025-10-24,0,Product_7,Home,2808,1207,162,199,4142,0.0,4142.0
T257,2025-11-25,C58,P8,Home,1,2852,0,Website,Delhi,0,Pune,35-44,M,App,2025-06-21,5,36384,2026-05-25,0,Product_8,Electronics,1667,800,408,173,2852,0.0,2852.0
T258,2025-07-27,C59,P9,Sports,5,1325,0,App,Jaipur,0,Delhi,55+,M,Marketplace,2025-09-05,8,13788,2026-01-15,0,Product_9,Apparel,2580,851,138,188,6625,0.0,6625.0
T259,2025-04-12,C60,P10,Beauty,4,1671,0,App,Mumbai,0,Hyderabad,55+,F,Marketplace,2026-03-23,17,18202,2026-05-24,0,Product_10,Grocery,1054,527,352,102,6684,0.0,6684.0
T260,2025-04-22,C61,P11,Sports,1,4585,0,Website,Kolkata,0,Hyderabad,35-44,M,Marketplace,2025-10-04,2,10659,2026-04-03,0,Product_11,Electronics,1011,434,302,11,4585,0.0,4585.0
T261,2025-08-15,C62,P12,Apparel,1,2056,5,App,Mumbai,0,Bangalore,55+,M,App,2025-11-26,12,48224,2026-05-21,0,Product_12,Apparel,562,174,454,142,2056,102.8,1953.2
T262,2025-10-12,C63,P13,Sports,2,4987,5,App,Chennai,0,Delhi,25-34,M,Website,2025-11-12,15,7624,2026-01-06,0,Product_13,Electronics,4992,1497,127,97,9974,498.7,9475.3
T263,2024-08-05,C64,P14,Health,5,567,5,Offline,Jaipur,0,Pune,25-34,M,Website,2024-08-20,13,41258,2025-07-25,0,Product_14,Grocery,4389,1931,289,11,2835,141.75,2693.25
T264,2024-11-13,C65,P15,Books,5,4692,0,Offline,Mumbai,0,Mumbai,45-54,F,App,2025-01-24,7,38340,2025-11-15,0,Product_15,Grocery,853,281,446,190,23460,0.0,23460.0
T265,2024-09-12,C66,P16,Apparel,2,3362,0,Website,Chennai,0,Chennai,45-54,F,App,2025-07-24,19,44202,2026-01-16,0,Product_16,Grocery,2315,1088,256,76,6724,0.0,6724.0
T266,2024-12-26,C67,P17,Health,4,2678,0,Website,Kolkata,0,Bangalore,55+,F,Website,2025-03-10,2,1265,2025-09-06,0,Product_17,Electronics,236,82,167,134,10712,0.0,10712.0
T267,2025-07-16,C68,P18,Electronics,3,2999,5,Marketplace,Delhi,0,Chennai,18-24,F,Website,2025-01-30,14,26312,2025-11-17,0,Product_18,Home,3080,1108,114,33,8997,449.85,8547.15
T268,2024-11-11,C69,P19,Apparel,2,4534,0,Offline,Bangalore,1,Delhi,45-54,F,App,2024-07-30,10,19454,2025-08-31,0,Product_19,Apparel,895,393,498,181,9068,0.0,9068.0
T269,2025-12-27,C70,P20,Home,2,2480,5,Marketplace,Delhi,0,Delhi,25-34,M,Website,2025-07-31,18,37057,2026-05-11,0,Product_20,Beauty,133,45,396,138,4960,248.0,4712.0
T270,2024-09-17,C71,P21,Apparel,1,3347,10,Marketplace,Pune,0,Chennai,35-44,F,Offline,2026-05-29,20,20314,2025-12-27,0,Product_21,Beauty,1363,504,290,52,3347,334.7,3012.3
T271,2026-02-12,C72,P22,Home,4,2904,5,Website,Bangalore,1,Hyderabad,35-44,F,Offline,2025-04-15,13,27112,2025-09-05,0,Product_22,Electronics,4371,2010,427,18,11616,580.8,11035.2
T272,2026-01-13,C73,P23,Books,1,2554,15,Marketplace,Pune,1,Delhi,35-44,M,Website,2025-06-24,19,3312,2025-10-25,0,Product_23,Grocery,1211,569,460,104,2554,383.1,2170.9
T273,2025-10-05,C74,P24,Beauty,2,3023,0,Marketplace,Pune,1,Chennai,25-34,F,Offline,2024-09-09,17,36684,2025-10-14,0,Product_24,Grocery,2140,963,138,140,6046,0.0,6046.0
T274,2026-01-09,C75,P25,Home,4,1923,0,Website,Pune,1,Chennai,18-24,F,Offline,2025-04-30,17,42909,2026-06-24,0,Product_25,Apparel,2330,1048,250,178,7692,0.0,7692.0
T275,2025-02-17,C76,P26,Apparel,4,930,0,App,Delhi,0,Mumbai,18-24,F,Marketplace,2024-08-08,14,16342,2025-09-24,0,Product_26,Electronics,3743,1908,458,106,3720,0.0,3720.0
T276,2024-09-12,C77,P27,Electronics,5,4324,0,Marketplace,Pune,0,Mumbai,25-34,M,Marketplace,2026-05-06,20,1220,2025-11-19,0,Product_27,Beauty,4124,1237,236,8,21620,0.0,21620.0
T277,2026-05-27,C78,P28,Books,5,1483,0,App,Pune,0,Pune,45-54,F,Offline,2024-11-16,1,32592,2025-09-09,1,Product_28,Beauty,1036,559,146,139,7415,0.0,7415.0
T278,2026-02-09,C79,P29,Health,3,3018,0,Offline,Chennai,1,Delhi,18-24,F,Website,2024-11-01,7,41480,2026-04-27,0,Product_29,Beauty,2307,738,379,136,9054,0.0,9054.0
T279,2025-03-06,C80,P30,Books,4,2425,0,Offline,Delhi,0,Chennai,55+,F,Marketplace,2025-10-08,17,573,2026-05-21,0,Product_30,Apparel,574,269,402,192,9700,0.0,9700.0
T280,2025-03-14,C81,P31,Health,1,3692,0,Website,Chennai,1,Mumbai,55+,M,App,2025-07-10,13,10780,2026-06-25,0,Product_31,Home,4429,1683,374,103,3692,0.0,3692.0
T281,2026-03-22,C82,P32,Health,1,1287,5,Marketplace,Hyderabad,0,Mumbai,45-54,F,App,2026-04-21,4,45545,2025-08-10,0,Product_32,Electronics,3713,1856,294,49,1287,64.35,1222.65
T282,2024-11-10,C83,P33,Books,3,762,15,App,Jaipur,0,Pune,55+,F,App,2024-12-13,12,11185,2025-08-19,0,Product_33,Beauty,2533,1266,385,138,2286,342.9,1943.1
T283,2026-06-07,C84,P34,Sports,3,2286,15,Website,Hyderabad,0,Hyderabad,25-34,M,Marketplace,2024-10-08,5,27263,2026-03-03,0,Product_34,Electronics,868,442,195,143,6858,1028.7,5829.3
T284,2025-05-06,C85,P35,Beauty,4,2794,0,Offline,Hyderabad,0,Hyderabad,35-44,M,Marketplace,2024-12-07,3,15527,2025-12-18,0,Product_35,Home,3394,1730,32,16,11176,0.0,11176.0
T285,2026-06-23,C86,P36,Health,1,3818,0,Offline,Hyderabad,0,Pune,35-44,F,Offline,2026-04-28,11,13497,2026-01-31,0,Product_36,Home,4398,2242,52,28,3818,0.0,3818.0
T286,2025-10-24,C87,P37,Home,3,2403,15,Marketplace,Hyderabad,0,Hyderabad,45-54,F,Marketplace,2025-04-26,8,17987,2026-01-16,0,Product_37,Apparel,1414,692,483,25,7209,1081.35,6127.65
T287,2026-03-14,C88,P38,Apparel,2,3102,5,Website,Jaipur,0,Bangalore,45-54,F,Marketplace,2025-07-23,8,44740,2026-05-21,0,Product_38,Home,4479,2329,199,148,6204,310.2,5893.8
T288,2026-04-11,C89,P39,Home,1,842,0,App,Mumbai,0,Pune,55+,M,App,2024-09-08,19,26368,2025-11-12,0,Product_39,Beauty,1082,324,228,192,842,0.0,842.0
T289,2025-09-04,C90,P40,Apparel,3,3817,10,App,Bangalore,0,Hyderabad,25-34,M,App,2025-02-19,5,43344,2025-08-20,0,Product_40,Electronics,579,237,447,9,11451,1145.1,10305.9
T290,2025-03-10,C91,P41,Apparel,1,3812,0,Marketplace,Mumbai,0,Chennai,55+,F,Marketplace,2025-06-19,3,13895,2025-11-14,0,Product_41,Grocery,2620,943,175,27,3812,0.0,3812.0
T291,2026-06-04,C92,P42,Home,3,872,5,Website,Jaipur,0,Mumbai,45-54,M,App,2025-01-12,3,31873,2025-08-08,0,Product_42,Beauty,389,151,78,111,2616,130.8,2485.2
T292,2026-05-03,C93,P43,Beauty,1,4464,5,Website,Mumbai,0,Bangalore,45-54,M,Website,2025-04-16,8,979,2025-07-21,0,Product_43,Electronics,721,295,146,105,4464,223.2,4240.8
T293,2025-04-11,C94,P44,Beauty,2,3410,15,Website,Chennai,1,Chennai,18-24,M,Marketplace,2024-09-29,13,18911,2025-10-08,0,Product_44,Home,4903,1814,314,164,6820,1023.0,5797.0
T294,2024-08-06,C95,P45,Electronics,1,740,0,Marketplace,Pune,0,Mumbai,55+,M,Marketplace,2025-01-14,8,19703,2026-05-19,0,Product_45,Apparel,4036,1896,285,146,740,0.0,740.0
T295,2025-12-03,C96,P46,Grocery,2,2413,10,Offline,Pune,1,Bangalore,55+,M,Marketplace,2025-02-03,5,9229,2025-08-13,0,Product_46,Electronics,634,253,372,55,4826,482.6,4343.4
T296,2026-03-03,C97,P47,Health,3,511,5,Website,Mumbai,0,Mumbai,55+,M,App,2024-10-12,19,17990,2025-11-04,0,Product_47,Beauty,1235,580,183,144,1533,76.65,1456.35
T297,2026-04-21,C98,P48,Health,2,1072,10,App,Delhi,0,Pune,18-24,M,Website,2026-01-22,10,7710,2025-09-25,0,Product_48,Home,1309,641,400,114,2144,214.4,1929.6
T298,2025-05-27,C99,P49,Sports,1,3182,10,App,Hyderabad,1,Delhi,55+,F,Offline,2026-01-17,1,15233,2025-11-10,1,Product_49,Grocery,1320,673,99,51,3182,318.2,2863.8
T299,2024-10-21,C100,P50,Books,5,507,5,Marketplace,Kolkata,0,Bangalore,35-44,F,App,2024-08-26,19,5153,2025-08-08,0,Product_50,Electronics,2448,954,197,103,2535,126.75,2408.25
T300,2026-03-04,C101,P1,Electronics,5,2408,5,Offline,Kolkata,0,Delhi,55+,M,Website,2026-02-06,19,10568,2025-12-27,0,Product_1,Beauty,4921,2017,383,112,12040,602.0,11438.0
T301,2024-07-11,C102,P2,Health,2,4346,0,Marketplace,Mumbai,0,Delhi,45-54,F,Marketplace,2026-03-17,8,20359,2025-10-12,0,Product_2,Home,3191,957,234,143,8692,0.0,8692.0
T302,2026-02-06,C103,P3,Grocery,1,3325,5,App,Mumbai,0,Chennai,35-44,F,Offline,2026-05-20,15,19141,2026-04-26,0,Product_3,Electronics,2561,768,121,24,3325,166.25,3158.75
T303,2026-01-14,C104,P4,Books,4,1192,0,Marketplace,Mumbai,0,Hyderabad,55+,F,Offline,2025-11-09,6,38307,2026-05-16,0,Product_4,Apparel,3242,1069,490,184,4768,0.0,4768.0
T304,2026-03-03,C105,P5,Apparel,3,4535,15,Offline,Kolkata,0,Mumbai,55+,F,Marketplace,2024-12-28,18,5263,2025-12-22,0,Product_5,Apparel,1119,369,388,27,13605,2040.75,11564.25
T305,2026-05-26,C106,P6,Electronics,1,3228,0,App,Pune,0,Pune,45-54,F,Marketplace,2025-09-02,14,48843,2026-03-14,0,Product_6,Electronics,1835,550,8,167,3228,0.0,3228.0
T306,2025-08-25,C107,P7,Apparel,1,1494,5,Marketplace,Jaipur,0,Hyderabad,55+,M,Website,2025-04-17,13,37631,2025-09-19,0,Product_7,Home,2808,1207,162,199,1494,74.7,1419.3
T307,2025-02-27,C108,P8,Apparel,4,3205,10,Website,Hyderabad,0,Mumbai,35-44,M,Marketplace,2026-05-30,20,28960,2025-07-11,0,Product_8,Electronics,1667,800,408,173,12820,1282.0,11538.0
T308,2025-03-01,C109,P9,Electronics,1,670,10,Marketplace,Jaipur,0,Hyderabad,25-34,M,Website,2025-08-24,17,35130,2025-09-18,0,Product_9,Apparel,2580,851,138,188,670,67.0,603.0
T309,2026-06-28,C110,P10,Health,5,3249,0,App,Jaipur,0,Bangalore,45-54,F,Offline,2026-05-04,3,47650,2025-09-09,0,Product_10,Grocery,1054,527,352,102,16245,0.0,16245.0
T310,2025-12-23,C111,P11,Books,4,4749,0,Marketplace,Mumbai,0,Pune,18-24,M,Marketplace,2025-02-15,3,42575,2026-06-25,0,Product_11,Electronics,1011,434,302,11,18996,0.0,18996.0
T311,2024-12-01,C112,P12,Apparel,1,2338,5,App,Delhi,0,Hyderabad,55+,M,Offline,2025-02-09,2,29370,2025-09-06,0,Product_12,Apparel,562,174,454,142,2338,116.9,2221.1
T312,2025-11-04,C113,P13,Books,5,2770,10,App,Pune,0,Hyderabad,45-54,M,Offline,2024-09-17,19,27915,2025-08-24,0,Product_13,Electronics,4992,1497,127,97,13850,1385.0,12465.0
T313,2026-03-08,C114,P14,Sports,4,3436,15,Offline,Kolkata,0,Bangalore,25-34,F,App,2025-12-28,20,41949,2025-10-14,0,Product_14,Grocery,4389,1931,289,11,13744,2061.6,11682.4
T314,2025-09-07,C115,P15,Books,5,3755,10,Offline,Mumbai,0,Bangalore,55+,F,Website,2025-01-16,17,3538,2026-02-16,0,Product_15,Grocery,853,281,446,190,18775,1877.5,16897.5
T315,2025-12-21,C116,P16,Grocery,5,3603,5,Marketplace,Hyderabad,0,Pune,25-34,F,Website,2025-06-12,17,22192,2026-03-03,0,Product_16,Grocery,2315,1088,256,76,18015,900.75,17114.25
T316,2025-05-22,C117,P17,Sports,2,4853,0,Marketplace,Hyderabad,0,Chennai,45-54,M,Offline,2024-11-29,5,17376,2025-07-12,0,Product_17,Electronics,236,82,167,134,9706,0.0,9706.0
T317,2025-08-08,C118,P18,Home,3,1649,5,Offline,Bangalore,0,Hyderabad,35-44,M,App,2025-02-17,18,43454,2026-07-01,0,Product_18,Home,3080,1108,114,33,4947,247.35,4699.65
T318,2025-08-06,C119,P19,Apparel,3,1950,0,App,Jaipur,0,Delhi,18-24,F,Offline,2025-08-31,11,33469,2025-08-11,0,Product_19,Apparel,895,393,498,181,5850,0.0,5850.0
T319,2025-01-27,C120,P20,Home,2,3333,5,Offline,Jaipur,0,Mumbai,18-24,M,Marketplace,2025-12-11,8,35512,2026-06-02,0,Product_20,Beauty,133,45,396,138,6666,333.3,6332.7
T320,2024-12-05,C121,P21,Electronics,1,3482,15,Offline,Jaipur,0,Pune,45-54,M,App,2024-07-30,20,46108,2025-07-28,0,Product_21,Beauty,1363,504,290,52,3482,522.3,2959.7
T321,2024-08-21,C122,P22,Apparel,5,4290,10,Offline,Chennai,0,Hyderabad,55+,F,App,2025-06-23,17,23201,2026-02-24,0,Product_22,Electronics,4371,2010,427,18,21450,2145.0,19305.0
T322,2025-01-26,C123,P23,Grocery,4,1434,10,App,Mumbai,0,Pune,45-54,M,Website,2024-07-14,20,48091,2025-07-21,0,Product_23,Grocery,1211,569,460,104,5736,573.6,5162.4
T323,2025-12-26,C124,P24,Home,1,2115,0,Offline,Jaipur,0,Pune,55+,M,App,2024-11-28,14,44665,2025-07-29,0,Product_24,Grocery,2140,963,138,140,2115,0.0,2115.0
T324,2024-07-20,C125,P25,Beauty,4,4937,5,Offline,Hyderabad,0,Mumbai,55+,M,App,2025-12-04,18,32732,2026-01-27,0,Product_25,Apparel,2330,1048,250,178,19748,987.4,18760.6
T325,2025-05-15,C126,P26,Health,1,1905,15,Marketplace,Hyderabad,0,Mumbai,25-34,M,Offline,2025-09-15,11,35888,2025-09-21,0,Product_26,Electronics,3743,1908,458,106,1905,285.75,1619.25
T326,2026-04-08,C127,P27,Home,1,1581,15,App,Hyderabad,0,Mumbai,18-24,F,App,2026-04-12,3,9557,2026-02-17,0,Product_27,Beauty,4124,1237,236,8,1581,237.15,1343.85
T327,2024-07-17,C128,P28,Health,1,4501,10,Marketplace,Jaipur,0,Mumbai,45-54,M,Website,2026-03-30,20,7834,2026-02-16,0,Product_28,Beauty,1036,559,146,139,4501,450.1,4050.9
T328,2025-05-08,C129,P29,Home,4,2069,15,Offline,Chennai,1,Bangalore,45-54,F,Website,2025-05-21,10,20872,2026-03-11,0,Product_29,Beauty,2307,738,379,136,8276,1241.4,7034.6
T329,2025-08-18,C130,P30,Home,5,4235,10,App,Pune,1,Pune,25-34,F,Offline,2025-10-19,18,18947,2026-04-11,0,Product_30,Apparel,574,269,402,192,21175,2117.5,19057.5
T330,2024-07-16,C131,P31,Books,5,2075,0,Marketplace,Jaipur,0,Mumbai,35-44,M,App,2024-12-20,8,8706,2025-12-04,0,Product_31,Home,4429,1683,374,103,10375,0.0,10375.0
T331,2026-02-06,C132,P32,Grocery,4,1784,0,Offline,Pune,1,Delhi,55+,F,Website,2025-01-02,5,20911,2026-05-16,0,Product_32,Electronics,3713,1856,294,49,7136,0.0,7136.0
T332,2025-03-13,C133,P33,Health,1,1434,15,Website,Mumbai,0,Pune,18-24,F,Website,2025-12-04,19,4285,2025-10-13,0,Product_33,Beauty,2533,1266,385,138,1434,215.1,1218.9
T333,2024-09-08,C134,P34,Books,1,1628,0,Website,Hyderabad,1,Chennai,35-44,M,Website,2025-03-30,16,22761,2026-01-17,0,Product_34,Electronics,868,442,195,143,1628,0.0,1628.0
T334,2024-11-18,C135,P35,Health,5,2209,15,Offline,Pune,0,Bangalore,35-44,M,Website,2025-12-30,13,25142,2025-08-22,0,Product_35,Home,3394,1730,32,16,11045,1656.75,9388.25
T335,2025-04-25,C136,P36,Electronics,1,3719,0,Marketplace,Jaipur,0,Chennai,25-34,F,Marketplace,2026-05-16,4,40281,2025-09-30,0,Product_36,Home,4398,2242,52,28,3719,0.0,3719.0
T336,2025-06-03,C137,P37,Beauty,2,4418,15,Website,Mumbai,0,Delhi,45-54,F,Marketplace,2026-02-24,13,16464,2026-04-18,0,Product_37,Apparel,1414,692,483,25,8836,1325.4,7510.6
T337,2025-05-11,C138,P38,Sports,3,1738,0,App,Kolkata,0,Pune,45-54,M,Offline,2024-07-24,9,4056,2026-03-01,0,Product_38,Home,4479,2329,199,148,5214,0.0,5214.0
T338,2026-03-20,C139,P39,Grocery,5,3123,0,App,Jaipur,0,Hyderabad,25-34,F,Offline,2025-09-21,19,14278,2026-06-27,0,Product_39,Beauty,1082,324,228,192,15615,0.0,15615.0
T339,2026-03-01,C140,P40,Books,1,1859,0,Marketplace,Delhi,0,Mumbai,55+,M,Marketplace,2025-02-28,14,29222,2026-04-29,0,Product_40,Electronics,579,237,447,9,1859,0.0,1859.0
T340,2024-11-16,C141,P41,Books,2,1791,10,Offline,Bangalore,0,Chennai,55+,F,App,2025-12-08,12,35950,2025-10-26,0,Product_41,Grocery,2620,943,175,27,3582,358.2,3223.8
T341,2025-02-06,C142,P42,Electronics,3,4861,0,Marketplace,Pune,0,Hyderabad,35-44,F,App,2024-08-14,12,15357,2025-11-01,0,Product_42,Beauty,389,151,78,111,14583,0.0,14583.0
T342,2024-08-01,C143,P43,Books,4,1172,10,Offline,Mumbai,0,Mumbai,25-34,M,Marketplace,2025-02-18,14,3898,2025-11-19,0,Product_43,Electronics,721,295,146,105,4688,468.8,4219.2
T343,2025-07-03,C144,P44,Grocery,3,3403,0,Website,Pune,0,Bangalore,55+,F,Offline,2025-07-04,11,42058,2025-07-25,0,Product_44,Home,4903,1814,314,164,10209,0.0,10209.0
T344,2026-06-16,C145,P45,Electronics,5,3939,0,Website,Hyderabad,0,Pune,35-44,F,App,2024-11-22,1,49526,2026-04-06,1,Product_45,Apparel,4036,1896,285,146,19695,0.0,19695.0
T345,2025-10-13,C146,P46,Home,1,4914,10,App,Chennai,0,Hyderabad,25-34,F,Website,2025-01-03,11,8217,2025-07-20,0,Product_46,Electronics,634,253,372,55,4914,491.4,4422.6
T346,2025-07-02,C147,P47,Electronics,5,1987,10,App,Mumbai,0,Pune,35-44,M,Website,2026-05-16,7,10878,2026-06-06,0,Product_47,Beauty,1235,580,183,144,9935,993.5,8941.5
T347,2025-04-01,C148,P48,Sports,5,3539,5,Offline,Hyderabad,0,Pune,35-44,M,Offline,2025-05-18,13,42915,2026-04-09,0,Product_48,Home,1309,641,400,114,17695,884.75,16810.25
T348,2025-05-01,C149,P49,Electronics,5,4007,0,Offline,Delhi,0,Mumbai,25-34,F,Offline,2025-04-23,19,32558,2026-01-08,0,Product_49,Grocery,1320,673,99,51,20035,0.0,20035.0
T349,2024-08-05,C150,P50,Home,2,1593,5,Marketplace,Jaipur,0,Hyderabad,35-44,F,Website,2026-03-13,20,11730,2025-10-23,0,Product_50,Electronics,2448,954,197,103,3186,159.3,3026.7
T350,2025-07-11,C151,P1,Apparel,1,2174,15,Marketplace,Jaipur,0,Mumbai,25-34,F,Offline,2024-09-28,16,48320,2026-04-22,0,Product_1,Beauty,4921,2017,383,112,2174,326.1,1847.9
T351,2025-03-22,C152,P2,Health,3,2021,0,Offline,Jaipur,0,Pune,55+,M,App,2025-05-11,7,35262,2026-06-23,0,Product_2,Home,3191,957,234,143,6063,0.0,6063.0
T352,2024-09-26,C153,P3,Apparel,2,751,10,Marketplace,Chennai,0,Pune,45-54,M,Offline,2026-04-20,8,20887,2026-01-25,0,Product_3,Electronics,2561,768,121,24,1502,150.2,1351.8
T353,2024-08-08,C154,P4,Beauty,2,2300,0,App,Mumbai,0,Delhi,45-54,M,Offline,2024-10-17,15,11585,2025-11-30,0,Product_4,Apparel,3242,1069,490,184,4600,0.0,4600.0
T354,2026-03-23,C155,P5,Apparel,1,4454,0,Offline,Delhi,0,Pune,18-24,F,App,2026-05-09,18,42455,2025-12-11,0,Product_5,Apparel,1119,369,388,27,4454,0.0,4454.0
T355,2025-05-16,C156,P6,Home,4,1962,5,App,Pune,0,Delhi,45-54,M,Marketplace,2024-10-17,2,20889,2026-06-08,0,Product_6,Electronics,1835,550,8,167,7848,392.4,7455.6
T356,2026-02-04,C157,P7,Sports,5,1911,0,Marketplace,Kolkata,0,Mumbai,18-24,F,App,2026-05-28,13,42847,2025-09-19,0,Product_7,Home,2808,1207,162,199,9555,0.0,9555.0
T357,2026-01-10,C158,P8,Apparel,1,4878,0,Marketplace,Delhi,0,Bangalore,25-34,F,Offline,2025-10-31,10,37918,2025-11-23,0,Product_8,Electronics,1667,800,408,173,4878,0.0,4878.0
T358,2026-02-21,C159,P9,Electronics,5,3235,0,Offline,Chennai,0,Delhi,18-24,M,Website,2025-04-13,20,24398,2025-10-16,0,Product_9,Apparel,2580,851,138,188,16175,0.0,16175.0
T359,2024-08-07,C160,P10,Books,5,2389,15,App,Chennai,0,Bangalore,18-24,M,Marketplace,2025-02-08,3,47547,2025-12-27,0,Product_10,Grocery,1054,527,352,102,11945,1791.75,10153.25
T360,2025-04-07,C161,P11,Electronics,1,2935,0,App,Mumbai,0,Delhi,18-24,F,Offline,2025-04-01,16,42087,2026-06-17,0,Product_11,Electronics,1011,434,302,11,2935,0.0,2935.0
T361,2026-04-08,C162,P12,Health,4,3886,15,Offline,Pune,0,Mumbai,55+,M,App,2025-04-10,15,47463,2026-06-13,0,Product_12,Apparel,562,174,454,142,15544,2331.6,13212.4
T362,2025-07-27,C163,P13,Grocery,1,2000,0,Website,Chennai,0,Mumbai,18-24,M,Offline,2025-07-02,10,5008,2026-04-11,0,Product_13,Electronics,4992,1497,127,97,2000,0.0,2000.0
T363,2025-03-15,C164,P14,Health,5,2675,5,Offline,Kolkata,0,Mumbai,55+,F,Website,2025-06-22,3,15740,2025-10-27,0,Product_14,Grocery,4389,1931,289,11,13375,668.75,12706.25
T364,2024-09-28,C165,P15,Books,2,4311,15,App,Kolkata,0,Pune,45-54,M,Website,2025-09-08,18,13955,2026-04-03,0,Product_15,Grocery,853,281,446,190,8622,1293.3,7328.7
T365,2024-11-16,C166,P16,Health,2,3479,10,Marketplace,Chennai,0,Pune,35-44,M,Website,2025-06-15,11,40423,2026-06-23,0,Product_16,Grocery,2315,1088,256,76,6958,695.8,6262.2
T366,2024-10-26,C167,P17,Books,4,4420,0,Offline,Hyderabad,0,Hyderabad,55+,M,Offline,2025-03-04,5,14669,2026-01-15,0,Product_17,Electronics,236,82,167,134,17680,0.0,17680.0
T367,2025-10-20,C168,P18,Books,1,4996,0,Website,Delhi,0,Pune,55+,F,Marketplace,2025-04-05,18,7129,2026-07-01,0,Product_18,Home,3080,1108,114,33,4996,0.0,4996.0
T368,2025-01-22,C169,P19,Sports,2,2487,0,Website,Bangalore,1,Pune,45-54,M,Website,2025-11-10,13,37718,2025-07-08,0,Product_19,Apparel,895,393,498,181,4974,0.0,4974.0
T369,2024-07-25,C170,P20,Beauty,5,3834,0,App,Mumbai,0,Delhi,55+,M,Marketplace,2025-12-26,8,21951,2026-06-01,0,Product_20,Beauty,133,45,396,138,19170,0.0,19170.0
T370,2025-04-03,C171,P21,Books,5,1741,0,App,Chennai,0,Chennai,25-34,F,Offline,2024-12-10,3,43199,2026-06-16,0,Product_21,Beauty,1363,504,290,52,8705,0.0,8705.0
T371,2026-03-12,C172,P22,Home,4,2017,0,Website,Chennai,0,Delhi,18-24,F,Website,2024-09-12,20,5960,2026-03-19,0,Product_22,Electronics,4371,2010,427,18,8068,0.0,8068.0
T372,2024-11-07,C173,P23,Books,5,4683,5,Website,Chennai,0,Chennai,45-54,F,Offline,2024-08-30,14,2339,2025-11-16,0,Product_23,Grocery,1211,569,460,104,23415,1170.75,22244.25
T373,2026-06-07,C174,P24,Electronics,3,1457,10,Marketplace,Bangalore,0,Delhi,35-44,F,App,2025-11-21,8,7900,2025-11-15,0,Product_24,Grocery,2140,963,138,140,4371,437.1,3933.9
T374,2025-05-06,C175,P25,Beauty,4,2976,5,Website,Kolkata,0,Mumbai,45-54,F,App,2024-11-16,10,13671,2025-09-25,0,Product_25,Apparel,2330,1048,250,178,11904,595.2,11308.8
T375,2025-03-22,C176,P26,Apparel,5,4466,0,Offline,Jaipur,0,Pune,18-24,F,Marketplace,2025-04-29,15,36959,2025-07-10,0,Product_26,Electronics,3743,1908,458,106,22330,0.0,22330.0
T376,2024-07-18,C177,P27,Health,3,4196,0,Offline,Bangalore,1,Bangalore,25-34,M,Website,2025-09-01,18,47329,2026-03-15,0,Product_27,Beauty,4124,1237,236,8,12588,0.0,12588.0
T377,2024-07-18,C178,P28,Apparel,5,3130,15,Offline,Pune,0,Delhi,25-34,M,Website,2025-01-25,6,40663,2025-07-20,0,Product_28,Beauty,1036,559,146,139,15650,2347.5,13302.5
T378,2026-02-01,C179,P29,Grocery,3,4944,5,Offline,Kolkata,0,Mumbai,18-24,F,Offline,2026-04-18,15,27569,2026-04-23,0,Product_29,Beauty,2307,738,379,136,14832,741.6,14090.4
T379,2025-10-20,C180,P30,Sports,1,1760,15,Website,Pune,0,Chennai,45-54,F,Offline,2024-09-08,2,12501,2026-01-30,0,Product_30,Apparel,574,269,402,192,1760,264.0,1496.0
T380,2025-01-02,C181,P31,Health,2,1176,5,Website,Delhi,0,Delhi,55+,M,Website,2026-05-20,17,25484,2026-02-19,0,Product_31,Home,4429,1683,374,103,2352,117.6,2234.4
T381,2025-05-07,C182,P32,Beauty,5,1968,15,Website,Hyderabad,0,Delhi,45-54,F,App,2025-05-02,14,27596,2026-05-01,0,Product_32,Electronics,3713,1856,294,49,9840,1476.0,8364.0
T382,2026-04-11,C183,P33,Home,4,1950,5,App,Hyderabad,0,Bangalore,35-44,M,Offline,2025-11-04,16,18226,2026-03-18,0,Product_33,Beauty,2533,1266,385,138,7800,390.0,7410.0
T383,2025-05-21,C184,P34,Beauty,4,3000,5,Website,Chennai,0,Bangalore,25-34,M,App,2025-10-21,5,49920,2025-11-27,0,Product_34,Electronics,868,442,195,143,12000,600.0,11400.0
T384,2025-09-04,C185,P35,Health,4,2452,5,Offline,Jaipur,0,Chennai,25-34,F,Website,2026-04-04,15,9625,2025-10-17,0,Product_35,Home,3394,1730,32,16,9808,490.4,9317.6
T385,2024-07-17,C186,P36,Grocery,2,4565,0,Offline,Delhi,0,Hyderabad,55+,M,Offline,2024-12-10,17,34470,2026-06-03,0,Product_36,Home,4398,2242,52,28,9130,0.0,9130.0
T386,2025-08-11,C187,P37,Home,4,3393,0,App,Chennai,0,Hyderabad,45-54,M,Website,2025-02-28,17,22346,2025-10-03,0,Product_37,Apparel,1414,692,483,25,13572,0.0,13572.0
T387,2026-03-27,C188,P38,Grocery,4,582,5,Website,Jaipur,0,Chennai,35-44,F,Offline,2026-03-16,11,13341,2026-05-07,0,Product_38,Home,4479,2329,199,148,2328,116.4,2211.6
T388,2025-07-22,C189,P39,Sports,2,2885,15,Website,Bangalore,1,Delhi,55+,M,Offline,2025-10-17,4,18839,2025-11-23,0,Product_39,Beauty,1082,324,228,192,5770,865.5,4904.5
T389,2025-08-06,C190,P40,Grocery,5,3426,10,Website,Kolkata,0,Bangalore,25-34,M,App,2025-08-23,1,3775,2025-09-22,1,Product_40,Electronics,579,237,447,9,17130,1713.0,15417.0
T390,2025-07-09,C191,P41,Sports,5,1576,0,Marketplace,Pune,0,Hyderabad,45-54,F,Marketplace,2025-02-19,17,1535,2025-07-24,0,Product_41,Grocery,2620,943,175,27,7880,0.0,7880.0
T391,2024-08-21,C192,P42,Sports,1,3133,10,App,Hyderabad,0,Hyderabad,45-54,F,Website,2024-10-22,12,16681,2026-02-17,0,Product_42,Beauty,389,151,78,111,3133,313.3,2819.7
T392,2024-09-11,C193,P43,Sports,3,1785,0,Marketplace,Mumbai,0,Mumbai,18-24,F,Marketplace,2024-12-11,12,9229,2026-04-19,0,Product_43,Electronics,721,295,146,105,5355,0.0,5355.0
T393,2025-06-22,C194,P44,Electronics,4,3435,5,Offline,Bangalore,1,Hyderabad,45-54,F,App,2025-11-19,13,40743,2025-08-17,0,Product_44,Home,4903,1814,314,164,13740,687.0,13053.0
T394,2026-03-12,C195,P45,Sports,3,4754,10,Website,Pune,0,Bangalore,25-34,M,Website,2025-09-28,9,26103,2026-03-21,0,Product_45,Apparel,4036,1896,285,146,14262,1426.2,12835.8
T395,2025-11-04,C196,P46,Apparel,5,1311,0,Marketplace,Mumbai,0,Delhi,55+,F,App,2025-05-25,16,41188,2026-07-07,0,Product_46,Electronics,634,253,372,55,6555,0.0,6555.0
T396,2026-06-17,C197,P47,Apparel,4,3468,15,Offline,Delhi,0,Hyderabad,18-24,M,Website,2026-01-29,5,17607,2026-06-08,0,Product_47,Beauty,1235,580,183,144,13872,2080.8,11791.2
T397,2026-03-16,C198,P48,Beauty,3,849,5,App,Chennai,0,Delhi,35-44,F,Website,2024-08-09,18,7550,2025-12-26,0,Product_48,Home,1309,641,400,114,2547,127.35,2419.65
T398,2024-07-03,C199,P49,Apparel,3,3202,15,Marketplace,Bangalore,1,Mumbai,45-54,M,App,2026-01-03,20,32471,2026-03-06,0,Product_49,Grocery,1320,673,99,51,9606,1440.9,8165.1
T399,2025-02-28,C200,P50,Apparel,5,2478,15,Marketplace,Kolkata,0,Mumbai,55+,M,Website,2025-09-25,17,45177,2025-07-12,0,Product_50,Electronics,2448,954,197,103,12390,1858.5,10531.5
T400,2025-01-03,C1,P1,Apparel,3,1117,15,App,Kolkata,0,Delhi,18-24,F,Marketplace,2025-11-08,19,33219,2026-04-27,0,Product_1,Beauty,4921,2017,383,112,3351,502.65,2848.35
T401,2024-11-04,C2,P2,Sports,5,2176,0,Website,Delhi,0,Mumbai,18-24,M,App,2025-03-19,4,7139,2025-11-11,0,Product_2,Home,3191,957,234,143,10880,0.0,10880.0
T402,2025-06-03,C3,P3,Beauty,2,2212,15,App,Bangalore,0,Hyderabad,18-24,F,Marketplace,2025-04-03,3,10843,2025-12-22,0,Product_3,Electronics,2561,768,121,24,4424,663.6,3760.4
T403,2026-03-21,C4,P4,Books,1,3232,0,Offline,Mumbai,0,Pune,45-54,M,Marketplace,2024-09-13,17,44332,2026-06-01,0,Product_4,Apparel,3242,1069,490,184,3232,0.0,3232.0
T404,2025-01-12,C5,P5,Health,1,3895,0,Offline,Kolkata,0,Pune,45-54,F,Offline,2024-11-27,7,36395,2026-04-11,0,Product_5,Apparel,1119,369,388,27,3895,0.0,3895.0
T405,2025-11-25,C6,P6,Home,3,4810,10,Marketplace,Delhi,0,Delhi,35-44,M,Website,2025-10-13,15,25969,2025-10-23,0,Product_6,Electronics,1835,550,8,167,14430,1443.0,12987.0
T406,2025-06-14,C7,P7,Apparel,4,3122,15,App,Chennai,0,Bangalore,45-54,F,Marketplace,2025-07-16,13,39958,2025-07-28,0,Product_7,Home,2808,1207,162,199,12488,1873.2,10614.8
T407,2024-08-22,C8,P8,Sports,4,1149,0,Offline,Mumbai,0,Delhi,18-24,M,Website,2025-09-16,15,17133,2025-07-24,0,Product_8,Electronics,1667,800,408,173,4596,0.0,4596.0
T408,2026-03-01,C9,P9,Health,5,697,5,Offline,Delhi,0,Bangalore,55+,F,Website,2025-10-27,16,16310,2025-10-29,0,Product_9,Apparel,2580,851,138,188,3485,174.25,3310.75
T409,2024-09-14,C10,P10,Grocery,1,3771,0,App,Hyderabad,0,Chennai,45-54,F,App,2025-12-26,3,35834,2025-10-20,0,Product_10,Grocery,1054,527,352,102,3771,0.0,3771.0
T410,2025-02-07,C11,P11,Books,1,1703,10,Website,Chennai,0,Hyderabad,35-44,F,Offline,2026-04-27,16,48219,2026-04-21,0,Product_11,Electronics,1011,434,302,11,1703,170.3,1532.7
T411,2025-08-28,C12,P12,Sports,2,1880,0,Website,Hyderabad,0,Mumbai,25-34,M,App,2025-03-24,11,31189,2026-02-01,0,Product_12,Apparel,562,174,454,142,3760,0.0,3760.0
T412,2024-11-19,C13,P13,Home,5,2262,10,App,Hyderabad,0,Chennai,18-24,M,App,2024-09-20,4,7985,2026-01-29,0,Product_13,Electronics,4992,1497,127,97,11310,1131.0,10179.0
T413,2025-03-07,C14,P14,Home,5,4917,5,Marketplace,Chennai,0,Chennai,18-24,F,Marketplace,2026-04-27,17,22041,2026-03-31,0,Product_14,Grocery,4389,1931,289,11,24585,1229.25,23355.75
T414,2025-08-04,C15,P15,Books,1,4567,5,Offline,Bangalore,0,Pune,45-54,F,App,2024-12-16,7,31378,2025-08-23,0,Product_15,Grocery,853,281,446,190,4567,228.35,4338.65
T415,2024-12-10,C16,P16,Beauty,3,1614,0,Marketplace,Pune,0,Pune,45-54,F,Marketplace,2026-04-30,1,30102,2025-09-23,1,Product_16,Grocery,2315,1088,256,76,4842,0.0,4842.0
T416,2024-08-09,C17,P17,Sports,3,2786,0,Website,Jaipur,0,Delhi,35-44,F,Website,2025-09-05,7,12781,2026-02-16,0,Product_17,Electronics,236,82,167,134,8358,0.0,8358.0
T417,2024-09-15,C18,P18,Health,3,3411,0,App,Pune,0,Mumbai,55+,F,App,2025-06-21,14,30669,2025-07-22,0,Product_18,Home,3080,1108,114,33,10233,0.0,10233.0
T418,2024-07-04,C19,P19,Beauty,5,3868,0,App,Pune,0,Hyderabad,45-54,M,Website,2024-11-26,15,45028,2026-07-03,0,Product_19,Apparel,895,393,498,181,19340,0.0,19340.0
T419,2026-05-24,C20,P20,Grocery,1,1846,0,App,Kolkata,0,Bangalore,55+,F,Website,2025-10-28,3,13847,2026-03-13,0,Product_20,Beauty,133,45,396,138,1846,0.0,1846.0
T420,2024-08-16,C21,P21,Health,3,1775,0,App,Hyderabad,0,Mumbai,45-54,F,App,2025-12-19,16,36885,2025-09-03,0,Product_21,Beauty,1363,504,290,52,5325,0.0,5325.0
T421,2025-02-27,C22,P22,Health,5,4186,5,App,Hyderabad,0,Hyderabad,35-44,F,Website,2024-07-17,14,12005,2026-05-11,0,Product_22,Electronics,4371,2010,427,18,20930,1046.5,19883.5
T422,2024-11-16,C23,P23,Books,1,3623,0,Website,Hyderabad,0,Chennai,35-44,F,App,2025-11-10,12,19980,2025-10-18,0,Product_23,Grocery,1211,569,460,104,3623,0.0,3623.0
T423,2024-11-01,C24,P24,Electronics,5,1523,0,Website,Mumbai,0,Pune,18-24,F,Website,2025-07-13,13,24297,2026-02-25,0,Product_24,Grocery,2140,963,138,140,7615,0.0,7615.0
T424,2026-02-05,C25,P25,Books,4,1101,15,Marketplace,Hyderabad,0,Pune,25-34,M,App,2025-01-07,12,7769,2026-05-15,0,Product_25,Apparel,2330,1048,250,178,4404,660.6,3743.4
T425,2024-09-20,C26,P26,Beauty,1,1503,15,Offline,Bangalore,0,Pune,55+,F,App,2026-03-25,13,17111,2025-08-09,0,Product_26,Electronics,3743,1908,458,106,1503,225.45,1277.55
T426,2025-04-20,C27,P27,Grocery,2,1472,15,Website,Kolkata,0,Pune,18-24,F,Offline,2025-10-31,14,40325,2025-09-12,0,Product_27,Beauty,4124,1237,236,8,2944,441.6,2502.4
T427,2025-05-22,C28,P28,Sports,3,1098,15,Offline,Jaipur,0,Delhi,45-54,F,Offline,2025-10-13,3,48993,2026-06-10,0,Product_28,Beauty,1036,559,146,139,3294,494.1,2799.9
T428,2025-12-02,C29,P29,Books,2,2360,0,Marketplace,Delhi,1,Delhi,25-34,F,Website,2024-11-13,11,888,2026-03-12,0,Product_29,Beauty,2307,738,379,136,4720,0.0,4720.0
T429,2025-09-23,C30,P30,Electronics,1,1194,10,Offline,Pune,0,Delhi,55+,M,Website,2026-04-03,11,18096,2026-02-23,0,Product_30,Apparel,574,269,402,192,1194,119.4,1074.6
T430,2024-08-11,C31,P31,Electronics,2,4401,15,Offline,Mumbai,0,Mumbai,45-54,F,Offline,2025-09-30,19,8069,2026-04-16,0,Product_31,Home,4429,1683,374,103,8802,1320.3,7481.7
T431,2025-12-23,C32,P32,Grocery,1,4469,0,Marketplace,Jaipur,0,Bangalore,25-34,F,Marketplace,2024-07-22,16,12293,2025-07-13,0,Product_32,Electronics,3713,1856,294,49,4469,0.0,4469.0
T432,2024-09-26,C33,P33,Health,2,3083,15,Website,Chennai,1,Pune,18-24,F,Marketplace,2026-05-13,7,5600,2026-05-14,0,Product_33,Beauty,2533,1266,385,138,6166,924.9,5241.1
T433,2025-01-12,C34,P34,Health,2,4755,10,Offline,Chennai,0,Mumbai,55+,F,App,2024-09-08,18,49538,2026-03-03,0,Product_34,Electronics,868,442,195,143,9510,951.0,8559.0
T434,2025-03-07,C35,P35,Apparel,4,1454,15,Marketplace,Bangalore,0,Delhi,45-54,F,Website,2025-02-20,2,42758,2025-11-21,0,Product_35,Home,3394,1730,32,16,5816,872.4,4943.6
T435,2025-05-27,C36,P36,Beauty,3,1359,0,Marketplace,Hyderabad,0,Hyderabad,45-54,F,Offline,2025-05-04,2,27177,2025-08-03,0,Product_36,Home,4398,2242,52,28,4077,0.0,4077.0
T436,2024-12-04,C37,P37,Electronics,1,4934,10,App,Chennai,0,Chennai,45-54,F,App,2024-08-22,5,6787,2026-06-29,0,Product_37,Apparel,1414,692,483,25,4934,493.4,4440.6
T437,2025-08-08,C38,P38,Beauty,4,4486,15,Offline,Pune,1,Mumbai,18-24,M,Offline,2024-12-15,9,3113,2025-08-20,0,Product_38,Home,4479,2329,199,148,17944,2691.6,15252.4
T438,2026-02-05,C39,P39,Home,3,4075,10,App,Hyderabad,0,Delhi,25-34,F,App,2026-05-08,18,31740,2025-08-14,0,Product_39,Beauty,1082,324,228,192,12225,1222.5,11002.5
T439,2026-04-02,C40,P40,Sports,3,3981,0,Marketplace,Bangalore,0,Bangalore,45-54,F,Offline,2025-08-30,4,13150,2025-11-04,0,Product_40,Electronics,579,237,447,9,11943,0.0,11943.0
T440,2025-05-06,C41,P41,Beauty,1,1416,0,Marketplace,Pune,0,Pune,45-54,M,Website,2025-07-18,5,34432,2025-11-17,0,Product_41,Grocery,2620,943,175,27,1416,0.0,1416.0
T441,2025-07-16,C42,P42,Apparel,4,2460,5,Marketplace,Delhi,0,Hyderabad,25-34,F,Offline,2024-10-17,12,43780,2026-05-19,0,Product_42,Beauty,389,151,78,111,9840,492.0,9348.0
T442,2025-12-12,C43,P43,Books,5,4146,5,App,Hyderabad,0,Hyderabad,18-24,M,Marketplace,2024-10-27,14,49389,2026-04-05,0,Product_43,Electronics,721,295,146,105,20730,1036.5,19693.5
T443,2025-11-20,C44,P44,Books,4,1263,15,Offline,Delhi,0,Chennai,55+,F,App,2024-07-30,1,32271,2025-10-13,0,Product_44,Home,4903,1814,314,164,5052,757.8,4294.2
T444,2025-11-19,C45,P45,Electronics,5,4669,0,Marketplace,Chennai,0,Chennai,35-44,F,Offline,2026-04-21,3,14570,2026-06-14,0,Product_45,Apparel,4036,1896,285,146,23345,0.0,23345.0
T445,2025-06-10,C46,P46,Books,1,1145,0,App,Jaipur,0,Pune,18-24,M,Marketplace,2024-12-13,8,37125,2025-08-28,0,Product_46,Electronics,634,253,372,55,1145,0.0,1145.0
T446,2025-08-24,C47,P47,Home,4,1104,5,App,Mumbai,1,Mumbai,45-54,M,Marketplace,2026-04-15,7,19656,2026-04-25,0,Product_47,Beauty,1235,580,183,144,4416,220.8,4195.2
T447,2025-07-10,C48,P48,Electronics,4,3564,0,Offline,Bangalore,0,Mumbai,18-24,F,Website,2025-02-23,13,41095,2026-03-17,0,Product_48,Home,1309,641,400,114,14256,0.0,14256.0
T448,2024-08-10,C49,P49,Beauty,4,4927,5,Website,Hyderabad,0,Chennai,18-24,M,Marketplace,2025-10-10,6,33287,2026-06-08,0,Product_49,Grocery,1320,673,99,51,19708,985.4,18722.6
T449,2025-09-06,C50,P50,Grocery,4,2445,5,Offline,Bangalore,0,Pune,18-24,M,App,2025-04-09,10,6621,2026-03-24,0,Product_50,Electronics,2448,954,197,103,9780,489.0,9291.0
T450,2025-02-11,C51,P1,Health,1,4215,0,Website,Delhi,0,Bangalore,18-24,M,Offline,2025-06-09,15,44027,2025-08-03,0,Product_1,Beauty,4921,2017,383,112,4215,0.0,4215.0
T451,2025-10-18,C52,P2,Apparel,1,2027,0,Website,Pune,0,Hyderabad,45-54,F,Offline,2025-12-28,20,8043,2025-10-18,0,Product_2,Home,3191,957,234,143,2027,0.0,2027.0
T452,2026-05-06,C53,P3,Sports,3,1197,0,App,Hyderabad,0,Bangalore,55+,F,Offline,2024-12-24,1,20361,2026-05-15,1,Product_3,Electronics,2561,768,121,24,3591,0.0,3591.0
T453,2025-02-04,C54,P4,Apparel,3,799,0,Website,Pune,0,Chennai,35-44,M,Website,2025-06-16,17,34194,2025-11-24,0,Product_4,Apparel,3242,1069,490,184,2397,0.0,2397.0
T454,2025-01-10,C55,P5,Apparel,5,2070,0,Marketplace,Hyderabad,0,Bangalore,18-24,F,Website,2024-10-09,20,38944,2026-06-15,0,Product_5,Apparel,1119,369,388,27,10350,0.0,10350.0
T455,2025-07-21,C56,P6,Home,2,3074,0,Marketplace,Jaipur,0,Hyderabad,55+,M,Website,2024-10-31,12,10093,2025-10-18,0,Product_6,Electronics,1835,550,8,167,6148,0.0,6148.0
T456,2025-03-05,C57,P7,Home,1,1394,0,Website,Hyderabad,0,Chennai,25-34,F,Website,2026-03-25,13,1032,2025-10-24,0,Product_7,Home,2808,1207,162,199,1394,0.0,1394.0
T457,2024-11-13,C58,P8,Home,1,4364,0,Website,Mumbai,0,Pune,35-44,M,App,2025-06-21,5,36384,2026-05-25,0,Product_8,Electronics,1667,800,408,173,4364,0.0,4364.0
T458,2026-06-28,C59,P9,Beauty,2,2045,0,Offline,Kolkata,1,Delhi,55+,M,Marketplace,2025-09-05,8,13788,2026-01-15,0,Product_9,Apparel,2580,851,138,188,4090,0.0,4090.0
T459,2025-10-06,C60,P10,Electronics,1,1515,0,Offline,Bangalore,0,Hyderabad,55+,F,Marketplace,2026-03-23,17,18202,2026-05-24,0,Product_10,Grocery,1054,527,352,102,1515,0.0,1515.0
T460,2025-03-12,C61,P11,Health,2,4111,5,Website,Jaipur,0,Hyderabad,35-44,M,Marketplace,2025-10-04,2,10659,2026-04-03,0,Product_11,Electronics,1011,434,302,11,8222,411.1,7810.9
T461,2025-08-28,C62,P12,Books,1,4389,5,Marketplace,Jaipur,0,Bangalore,55+,M,App,2025-11-26,12,48224,2026-05-21,0,Product_12,Apparel,562,174,454,142,4389,219.45,4169.55
T462,2025-06-24,C63,P13,Books,5,3763,10,Offline,Mumbai,0,Delhi,25-34,M,Website,2025-11-12,15,7624,2026-01-06,0,Product_13,Electronics,4992,1497,127,97,18815,1881.5,16933.5
T463,2025-04-17,C64,P14,Grocery,1,4389,15,Website,Bangalore,0,Pune,25-34,M,Website,2024-08-20,13,41258,2025-07-25,0,Product_14,Grocery,4389,1931,289,11,4389,658.35,3730.65
T464,2026-02-09,C65,P15,Home,1,878,0,App,Delhi,0,Mumbai,45-54,F,App,2025-01-24,7,38340,2025-11-15,0,Product_15,Grocery,853,281,446,190,878,0.0,878.0
T465,2025-11-07,C66,P16,Home,1,1930,10,App,Bangalore,0,Chennai,45-54,F,App,2025-07-24,19,44202,2026-01-16,0,Product_16,Grocery,2315,1088,256,76,1930,193.0,1737.0
T466,2024-10-10,C67,P17,Health,2,2327,5,Marketplace,Delhi,0,Bangalore,55+,F,Website,2025-03-10,2,1265,2025-09-06,0,Product_17,Electronics,236,82,167,134,4654,232.7,4421.3
T467,2025-07-20,C68,P18,Grocery,3,4894,10,Offline,Chennai,0,Chennai,18-24,F,Website,2025-01-30,14,26312,2025-11-17,0,Product_18,Home,3080,1108,114,33,14682,1468.2,13213.8
T468,2025-12-26,C69,P19,Electronics,1,675,15,Website,Jaipur,0,Delhi,45-54,F,App,2024-07-30,10,19454,2025-08-31,0,Product_19,Apparel,895,393,498,181,675,101.25,573.75
T469,2026-01-21,C70,P20,Beauty,1,1500,10,Offline,Chennai,0,Delhi,25-34,M,Website,2025-07-31,18,37057,2026-05-11,0,Product_20,Beauty,133,45,396,138,1500,150.0,1350.0
T470,2024-10-17,C71,P21,Grocery,5,1010,0,Offline,Delhi,0,Chennai,35-44,F,Offline,2026-05-29,20,20314,2025-12-27,0,Product_21,Beauty,1363,504,290,52,5050,0.0,5050.0
T471,2026-01-01,C72,P22,Electronics,3,4237,0,Website,Bangalore,0,Hyderabad,35-44,F,Offline,2025-04-15,13,27112,2025-09-05,0,Product_22,Electronics,4371,2010,427,18,12711,0.0,12711.0
T472,2024-07-08,C73,P23,Beauty,4,1048,5,Marketplace,Jaipur,1,Delhi,35-44,M,Website,2025-06-24,19,3312,2025-10-25,0,Product_23,Grocery,1211,569,460,104,4192,209.6,3982.4
T473,2025-01-13,C74,P24,Sports,2,1745,5,Offline,Delhi,0,Chennai,25-34,F,Offline,2024-09-09,17,36684,2025-10-14,0,Product_24,Grocery,2140,963,138,140,3490,174.5,3315.5
T474,2024-08-19,C75,P25,Beauty,1,3500,0,Marketplace,Hyderabad,0,Chennai,18-24,F,Offline,2025-04-30,17,42909,2026-06-24,0,Product_25,Apparel,2330,1048,250,178,3500,0.0,3500.0
T475,2025-11-08,C76,P26,Apparel,4,3211,0,Website,Chennai,0,Mumbai,18-24,F,Marketplace,2024-08-08,14,16342,2025-09-24,0,Product_26,Electronics,3743,1908,458,106,12844,0.0,12844.0
T476,2025-05-09,C77,P27,Electronics,2,4979,0,Website,Mumbai,0,Mumbai,25-34,M,Marketplace,2026-05-06,20,1220,2025-11-19,0,Product_27,Beauty,4124,1237,236,8,9958,0.0,9958.0
T477,2025-05-16,C78,P28,Electronics,5,1598,15,App,Delhi,0,Pune,45-54,F,Offline,2024-11-16,1,32592,2025-09-09,1,Product_28,Beauty,1036,559,146,139,7990,1198.5,6791.5
T478,2025-03-21,C79,P29,Health,4,4124,0,Offline,Delhi,0,Delhi,18-24,F,Website,2024-11-01,7,41480,2026-04-27,0,Product_29,Beauty,2307,738,379,136,16496,0.0,16496.0
T479,2024-08-28,C80,P30,Sports,3,1262,5,Website,Hyderabad,0,Chennai,55+,F,Marketplace,2025-10-08,17,573,2026-05-21,0,Product_30,Apparel,574,269,402,192,3786,189.3,3596.7
T480,2026-01-28,C81,P31,Home,4,4738,0,Website,Mumbai,1,Mumbai,55+,M,App,2025-07-10,13,10780,2026-06-25,0,Product_31,Home,4429,1683,374,103,18952,0.0,18952.0
T481,2025-11-11,C82,P32,Health,1,624,0,Marketplace,Delhi,0,Mumbai,45-54,F,App,2026-04-21,4,45545,2025-08-10,0,Product_32,Electronics,3713,1856,294,49,624,0.0,624.0
T482,2026-04-15,C83,P33,Beauty,2,1789,15,Marketplace,Kolkata,0,Pune,55+,F,App,2024-12-13,12,11185,2025-08-19,0,Product_33,Beauty,2533,1266,385,138,3578,536.7,3041.3
T483,2025-04-27,C84,P34,Health,3,2006,10,App,Chennai,0,Hyderabad,25-34,M,Marketplace,2024-10-08,5,27263,2026-03-03,0,Product_34,Electronics,868,442,195,143,6018,601.8,5416.2
T484,2025-06-24,C85,P35,Apparel,4,2186,0,Offline,Jaipur,0,Hyderabad,35-44,M,Marketplace,2024-12-07,3,15527,2025-12-18,0,Product_35,Home,3394,1730,32,16,8744,0.0,8744.0
T485,2026-02-06,C86,P36,Apparel,3,1030,0,App,Pune,1,Pune,35-44,F,Offline,2026-04-28,11,13497,2026-01-31,0,Product_36,Home,4398,2242,52,28,3090,0.0,3090.0
T486,2025-11-05,C87,P37,Sports,4,1473,15,Offline,Delhi,0,Hyderabad,45-54,F,Marketplace,2025-04-26,8,17987,2026-01-16,0,Product_37,Apparel,1414,692,483,25,5892,883.8,5008.2
T487,2026-05-09,C88,P38,Beauty,2,1851,10,Website,Bangalore,1,Bangalore,45-54,F,Marketplace,2025-07-23,8,44740,2026-05-21,0,Product_38,Home,4479,2329,199,148,3702,370.2,3331.8
T488,2025-08-07,C89,P39,Beauty,4,2349,0,Website,Kolkata,0,Pune,55+,M,App,2024-09-08,19,26368,2025-11-12,0,Product_39,Beauty,1082,324,228,192,9396,0.0,9396.0
T489,2025-08-26,C90,P40,Electronics,5,2606,5,App,Bangalore,0,Hyderabad,25-34,M,App,2025-02-19,5,43344,2025-08-20,0,Product_40,Electronics,579,237,447,9,13030,651.5,12378.5
T490,2025-01-22,C91,P41,Beauty,5,1132,0,Offline,Kolkata,0,Chennai,55+,F,Marketplace,2025-06-19,3,13895,2025-11-14,0,Product_41,Grocery,2620,943,175,27,5660,0.0,5660.0
T491,2025-04-22,C92,P42,Grocery,2,1372,10,App,Chennai,1,Mumbai,45-54,M,App,2025-01-12,3,31873,2025-08-08,0,Product_42,Beauty,389,151,78,111,2744,274.4,2469.6
T492,2025-05-14,C93,P43,Beauty,5,3645,5,Marketplace,Jaipur,0,Bangalore,45-54,M,Website,2025-04-16,8,979,2025-07-21,0,Product_43,Electronics,721,295,146,105,18225,911.25,17313.75
T493,2026-05-01,C94,P44,Beauty,5,1537,10,Offline,Bangalore,0,Chennai,18-24,M,Marketplace,2024-09-29,13,18911,2025-10-08,0,Product_44,Home,4903,1814,314,164,7685,768.5,6916.5
T494,2025-06-14,C95,P45,Health,2,4666,0,Offline,Kolkata,0,Mumbai,55+,M,Marketplace,2025-01-14,8,19703,2026-05-19,0,Product_45,Apparel,4036,1896,285,146,9332,0.0,9332.0
T495,2026-04-21,C96,P46,Health,2,1285,15,Marketplace,Chennai,0,Bangalore,55+,M,Marketplace,2025-02-03,5,9229,2025-08-13,0,Product_46,Electronics,634,253,372,55,2570,385.5,2184.5
T496,2024-11-07,C97,P47,Apparel,4,1490,5,Marketplace,Delhi,0,Mumbai,55+,M,App,2024-10-12,19,17990,2025-11-04,0,Product_47,Beauty,1235,580,183,144,5960,298.0,5662.0
T497,2024-10-04,C98,P48,Health,2,536,0,Website,Chennai,0,Pune,18-24,M,Website,2026-01-22,10,7710,2025-09-25,0,Product_48,Home,1309,641,400,114,1072,0.0,1072.0
T498,2025-10-19,C99,P49,Grocery,5,3092,0,Website,Hyderabad,0,Delhi,55+,F,Offline,2026-01-17,1,15233,2025-11-10,1,Product_49,Grocery,1320,673,99,51,15460,0.0,15460.0
T499,2025-08-20,C100,P50,Beauty,3,2712,5,Website,Pune,1,Bangalore,35-44,F,App,2024-08-26,19,5153,2025-08-08,0,Product_50,Electronics,2448,954,197,103,8136,406.8,7729.2
T500,2025-07-13,C101,P1,Health,3,2808,0,Offline,Hyderabad,0,Delhi,55+,M,Website,2026-02-06,19,10568,2025-12-27,0,Product_1,Beauty,4921,2017,383,112,8424,0.0,8424.0
T501,2026-03-25,C102,P2,Sports,5,3652,10,Marketplace,Mumbai,0,Delhi,45-54,F,Marketplace,2026-03-17,8,20359,2025-10-12,0,Product_2,Home,3191,957,234,143,18260,1826.0,16434.0
T502,2025-10-25,C103,P3,Health,4,844,10,Offline,Delhi,0,Chennai,35-44,F,Offline,2026-05-20,15,19141,2026-04-26,0,Product_3,Electronics,2561,768,121,24,3376,337.6,3038.4
T503,2025-06-06,C104,P4,Grocery,1,2578,0,Website,Delhi,0,Hyderabad,55+,F,Offline,2025-11-09,6,38307,2026-05-16,0,Product_4,Apparel,3242,1069,490,184,2578,0.0,2578.0
T504,2024-12-04,C105,P5,Sports,4,612,15,Marketplace,Pune,0,Mumbai,55+,F,Marketplace,2024-12-28,18,5263,2025-12-22,0,Product_5,Apparel,1119,369,388,27,2448,367.2,2080.8
T505,2025-06-15,C106,P6,Grocery,1,4686,0,Website,Delhi,0,Pune,45-54,F,Marketplace,2025-09-02,14,48843,2026-03-14,0,Product_6,Electronics,1835,550,8,167,4686,0.0,4686.0
T506,2026-01-10,C107,P7,Electronics,3,3830,15,App,Jaipur,1,Hyderabad,55+,M,Website,2025-04-17,13,37631,2025-09-19,0,Product_7,Home,2808,1207,162,199,11490,1723.5,9766.5
T507,2024-07-16,C108,P8,Grocery,1,1840,0,Marketplace,Mumbai,0,Mumbai,35-44,M,Marketplace,2026-05-30,20,28960,2025-07-11,0,Product_8,Electronics,1667,800,408,173,1840,0.0,1840.0
T508,2024-11-16,C109,P9,Books,1,4810,0,App,Delhi,0,Hyderabad,25-34,M,Website,2025-08-24,17,35130,2025-09-18,0,Product_9,Apparel,2580,851,138,188,4810,0.0,4810.0
T509,2025-11-01,C110,P10,Sports,1,3601,0,Offline,Chennai,0,Bangalore,45-54,F,Offline,2026-05-04,3,47650,2025-09-09,0,Product_10,Grocery,1054,527,352,102,3601,0.0,3601.0
T510,2025-02-13,C111,P11,Electronics,5,3016,0,Marketplace,Chennai,0,Pune,18-24,M,Marketplace,2025-02-15,3,42575,2026-06-25,0,Product_11,Electronics,1011,434,302,11,15080,0.0,15080.0
T511,2025-08-09,C112,P12,Books,1,2494,0,Offline,Hyderabad,0,Hyderabad,55+,M,Offline,2025-02-09,2,29370,2025-09-06,0,Product_12,Apparel,562,174,454,142,2494,0.0,2494.0
T512,2026-05-09,C113,P13,Sports,5,3100,5,Website,Bangalore,0,Hyderabad,45-54,M,Offline,2024-09-17,19,27915,2025-08-24,0,Product_13,Electronics,4992,1497,127,97,15500,775.0,14725.0
T513,2026-04-25,C114,P14,Apparel,1,974,0,Marketplace,Hyderabad,0,Bangalore,25-34,F,App,2025-12-28,20,41949,2025-10-14,0,Product_14,Grocery,4389,1931,289,11,974,0.0,974.0
T514,2024-11-19,C115,P15,Beauty,1,913,0,App,Pune,0,Bangalore,55+,F,Website,2025-01-16,17,3538,2026-02-16,0,Product_15,Grocery,853,281,446,190,913,0.0,913.0
T515,2026-01-26,C116,P16,Beauty,2,1482,0,Website,Pune,0,Pune,25-34,F,Website,2025-06-12,17,22192,2026-03-03,0,Product_16,Grocery,2315,1088,256,76,2964,0.0,2964.0
T516,2026-06-12,C117,P17,Beauty,5,1750,15,Marketplace,Pune,0,Chennai,45-54,M,Offline,2024-11-29,5,17376,2025-07-12,0,Product_17,Electronics,236,82,167,134,8750,1312.5,7437.5
T517,2024-10-21,C118,P18,Health,4,2667,5,App,Delhi,0,Hyderabad,35-44,M,App,2025-02-17,18,43454,2026-07-01,0,Product_18,Home,3080,1108,114,33,10668,533.4,10134.6
T518,2026-03-12,C119,P19,Apparel,4,2942,10,Website,Pune,0,Delhi,18-24,F,Offline,2025-08-31,11,33469,2025-08-11,0,Product_19,Apparel,895,393,498,181,11768,1176.8,10591.2
T519,2026-05-05,C120,P20,Grocery,2,2072,0,Website,Delhi,0,Mumbai,18-24,M,Marketplace,2025-12-11,8,35512,2026-06-02,0,Product_20,Beauty,133,45,396,138,4144,0.0,4144.0
T520,2024-07-03,C121,P21,Electronics,4,2604,10,App,Delhi,0,Pune,45-54,M,App,2024-07-30,20,46108,2025-07-28,0,Product_21,Beauty,1363,504,290,52,10416,1041.6,9374.4
T521,2025-06-17,C122,P22,Apparel,3,4044,0,App,Hyderabad,0,Hyderabad,55+,F,App,2025-06-23,17,23201,2026-02-24,0,Product_22,Electronics,4371,2010,427,18,12132,0.0,12132.0
T522,2025-04-27,C123,P23,Sports,2,4635,0,App,Bangalore,1,Pune,45-54,M,Website,2024-07-14,20,48091,2025-07-21,0,Product_23,Grocery,1211,569,460,104,9270,0.0,9270.0
T523,2025-12-06,C124,P24,Home,5,2108,0,Marketplace,Jaipur,0,Pune,55+,M,App,2024-11-28,14,44665,2025-07-29,0,Product_24,Grocery,2140,963,138,140,10540,0.0,10540.0
T524,2026-01-24,C125,P25,Books,4,4666,5,Marketplace,Chennai,0,Mumbai,55+,M,App,2025-12-04,18,32732,2026-01-27,0,Product_25,Apparel,2330,1048,250,178,18664,933.2,17730.8
T525,2025-10-18,C126,P26,Health,1,3834,0,Website,Delhi,0,Mumbai,25-34,M,Offline,2025-09-15,11,35888,2025-09-21,0,Product_26,Electronics,3743,1908,458,106,3834,0.0,3834.0
T526,2026-01-17,C127,P27,Grocery,2,3639,15,Marketplace,Pune,0,Mumbai,18-24,F,App,2026-04-12,3,9557,2026-02-17,0,Product_27,Beauty,4124,1237,236,8,7278,1091.7,6186.3
T527,2025-03-15,C128,P28,Grocery,2,3483,0,Marketplace,Chennai,0,Mumbai,45-54,M,Website,2026-03-30,20,7834,2026-02-16,0,Product_28,Beauty,1036,559,146,139,6966,0.0,6966.0
T528,2025-07-06,C129,P29,Beauty,2,2690,0,Marketplace,Jaipur,0,Bangalore,45-54,F,Website,2025-05-21,10,20872,2026-03-11,0,Product_29,Beauty,2307,738,379,136,5380,0.0,5380.0
T529,2025-07-06,C130,P30,Home,3,3759,5,Website,Kolkata,0,Pune,25-34,F,Offline,2025-10-19,18,18947,2026-04-11,0,Product_30,Apparel,574,269,402,192,11277,563.85,10713.15
T530,2024-09-24,C131,P31,Electronics,1,4225,0,App,Kolkata,0,Mumbai,35-44,M,App,2024-12-20,8,8706,2025-12-04,0,Product_31,Home,4429,1683,374,103,4225,0.0,4225.0
T531,2025-10-24,C132,P32,Home,3,852,0,Offline,Delhi,0,Delhi,55+,F,Website,2025-01-02,5,20911,2026-05-16,0,Product_32,Electronics,3713,1856,294,49,2556,0.0,2556.0
T532,2025-02-19,C133,P33,Home,3,3801,0,App,Delhi,0,Pune,18-24,F,Website,2025-12-04,19,4285,2025-10-13,0,Product_33,Beauty,2533,1266,385,138,11403,0.0,11403.0
T533,2026-06-21,C134,P34,Apparel,5,2182,0,Marketplace,Mumbai,0,Chennai,35-44,M,Website,2025-03-30,16,22761,2026-01-17,0,Product_34,Electronics,868,442,195,143,10910,0.0,10910.0
T534,2025-04-08,C135,P35,Beauty,5,1171,0,App,Chennai,0,Bangalore,35-44,M,Website,2025-12-30,13,25142,2025-08-22,0,Product_35,Home,3394,1730,32,16,5855,0.0,5855.0
T535,2025-11-05,C136,P36,Books,1,4003,0,Website,Kolkata,0,Chennai,25-34,F,Marketplace,2026-05-16,4,40281,2025-09-30,0,Product_36,Home,4398,2242,52,28,4003,0.0,4003.0
T536,2026-06-16,C137,P37,Books,3,4826,5,Marketplace,Pune,0,Delhi,45-54,F,Marketplace,2026-02-24,13,16464,2026-04-18,0,Product_37,Apparel,1414,692,483,25,14478,723.9,13754.1
T537,2025-07-02,C138,P38,Health,3,4893,10,App,Pune,0,Pune,45-54,M,Offline,2024-07-24,9,4056,2026-03-01,0,Product_38,Home,4479,2329,199,148,14679,1467.9,13211.1
T538,2025-04-27,C139,P39,Books,2,2292,15,App,Mumbai,0,Hyderabad,25-34,F,Offline,2025-09-21,19,14278,2026-06-27,0,Product_39,Beauty,1082,324,228,192,4584,687.6,3896.4
T539,2025-12-22,C140,P40,Beauty,3,1292,0,Website,Mumbai,0,Mumbai,55+,M,Marketplace,2025-02-28,14,29222,2026-04-29,0,Product_40,Electronics,579,237,447,9,3876,0.0,3876.0
T540,2024-08-25,C141,P41,Sports,1,4937,10,App,Jaipur,0,Chennai,55+,F,App,2025-12-08,12,35950,2025-10-26,0,Product_41,Grocery,2620,943,175,27,4937,493.7,4443.3
T541,2025-06-18,C142,P42,Electronics,2,898,0,Marketplace,Bangalore,0,Hyderabad,35-44,F,App,2024-08-14,12,15357,2025-11-01,0,Product_42,Beauty,389,151,78,111,1796,0.0,1796.0
T542,2025-08-12,C143,P43,Apparel,5,3017,5,Website,Delhi,0,Mumbai,25-34,M,Marketplace,2025-02-18,14,3898,2025-11-19,0,Product_43,Electronics,721,295,146,105,15085,754.25,14330.75
T543,2025-07-01,C144,P44,Apparel,5,2041,10,Website,Pune,0,Bangalore,55+,F,Offline,2025-07-04,11,42058,2025-07-25,0,Product_44,Home,4903,1814,314,164,10205,1020.5,9184.5
T544,2025-09-27,C145,P45,Beauty,2,3298,15,Marketplace,Bangalore,0,Pune,35-44,F,App,2024-11-22,1,49526,2026-04-06,1,Product_45,Apparel,4036,1896,285,146,6596,989.4,5606.6
T545,2025-11-17,C146,P46,Books,5,1126,0,Offline,Bangalore,0,Hyderabad,25-34,F,Website,2025-01-03,11,8217,2025-07-20,0,Product_46,Electronics,634,253,372,55,5630,0.0,5630.0
T546,2026-02-03,C147,P47,Apparel,2,2272,5,Marketplace,Bangalore,0,Pune,35-44,M,Website,2026-05-16,7,10878,2026-06-06,0,Product_47,Beauty,1235,580,183,144,4544,227.2,4316.8
T547,2025-09-18,C148,P48,Beauty,5,2415,10,Marketplace,Bangalore,0,Pune,35-44,M,Offline,2025-05-18,13,42915,2026-04-09,0,Product_48,Home,1309,641,400,114,12075,1207.5,10867.5
T548,2024-08-24,C149,P49,Books,5,4220,15,App,Pune,0,Mumbai,25-34,F,Offline,2025-04-23,19,32558,2026-01-08,0,Product_49,Grocery,1320,673,99,51,21100,3165.0,17935.0
T549,2024-11-16,C150,P50,Electronics,1,4895,0,Offline,Chennai,0,Hyderabad,35-44,F,Website,2026-03-13,20,11730,2025-10-23,0,Product_50,Electronics,2448,954,197,103,4895,0.0,4895.0
T550,2026-05-20,C151,P1,Beauty,3,4602,0,Website,Pune,0,Mumbai,25-34,F,Offline,2024-09-28,16,48320,2026-04-22,0,Product_1,Beauty,4921,2017,383,112,13806,0.0,13806.0
T551,2026-02-22,C152,P2,Sports,5,1882,10,Offline,Pune,0,Pune,55+,M,App,2025-05-11,7,35262,2026-06-23,0,Product_2,Home,3191,957,234,143,9410,941.0,8469.0
T552,2026-06-08,C153,P3,Apparel,4,4094,15,Website,Hyderabad,0,Pune,45-54,M,Offline,2026-04-20,8,20887,2026-01-25,0,Product_3,Electronics,2561,768,121,24,16376,2456.4,13919.6
T553,2026-01-22,C154,P4,Health,5,2836,15,Offline,Chennai,0,Delhi,45-54,M,Offline,2024-10-17,15,11585,2025-11-30,0,Product_4,Apparel,3242,1069,490,184,14180,2127.0,12053.0
T554,2026-05-26,C155,P5,Electronics,4,1993,0,Website,Kolkata,1,Pune,18-24,F,App,2026-05-09,18,42455,2025-12-11,0,Product_5,Apparel,1119,369,388,27,7972,0.0,7972.0
T555,2026-05-15,C156,P6,Beauty,2,2059,10,Website,Hyderabad,0,Delhi,45-54,M,Marketplace,2024-10-17,2,20889,2026-06-08,0,Product_6,Electronics,1835,550,8,167,4118,411.8,3706.2
T556,2025-07-14,C157,P7,Beauty,5,3659,10,App,Jaipur,0,Mumbai,18-24,F,App,2026-05-28,13,42847,2025-09-19,0,Product_7,Home,2808,1207,162,199,18295,1829.5,16465.5
T557,2026-02-23,C158,P8,Sports,2,4174,0,Marketplace,Kolkata,0,Bangalore,25-34,F,Offline,2025-10-31,10,37918,2025-11-23,0,Product_8,Electronics,1667,800,408,173,8348,0.0,8348.0
T558,2025-07-01,C159,P9,Apparel,2,886,5,Offline,Bangalore,1,Delhi,18-24,M,Website,2025-04-13,20,24398,2025-10-16,0,Product_9,Apparel,2580,851,138,188,1772,88.6,1683.4
T559,2025-08-03,C160,P10,Beauty,5,2761,10,Website,Pune,0,Bangalore,18-24,M,Marketplace,2025-02-08,3,47547,2025-12-27,0,Product_10,Grocery,1054,527,352,102,13805,1380.5,12424.5
T560,2025-09-20,C161,P11,Home,4,3913,0,Website,Bangalore,0,Delhi,18-24,F,Offline,2025-04-01,16,42087,2026-06-17,0,Product_11,Electronics,1011,434,302,11,15652,0.0,15652.0
T561,2024-12-18,C162,P12,Home,3,4079,0,Offline,Delhi,0,Mumbai,55+,M,App,2025-04-10,15,47463,2026-06-13,0,Product_12,Apparel,562,174,454,142,12237,0.0,12237.0
T562,2025-03-20,C163,P13,Beauty,1,2811,0,Website,Jaipur,0,Mumbai,18-24,M,Offline,2025-07-02,10,5008,2026-04-11,0,Product_13,Electronics,4992,1497,127,97,2811,0.0,2811.0
T563,2024-09-10,C164,P14,Health,1,1514,15,App,Chennai,0,Mumbai,55+,F,Website,2025-06-22,3,15740,2025-10-27,0,Product_14,Grocery,4389,1931,289,11,1514,227.1,1286.9
T564,2025-05-13,C165,P15,Electronics,4,1037,0,App,Pune,0,Pune,45-54,M,Website,2025-09-08,18,13955,2026-04-03,0,Product_15,Grocery,853,281,446,190,4148,0.0,4148.0
T565,2025-10-04,C166,P16,Sports,3,4588,0,App,Hyderabad,0,Pune,35-44,M,Website,2025-06-15,11,40423,2026-06-23,0,Product_16,Grocery,2315,1088,256,76,13764,0.0,13764.0
T566,2024-09-14,C167,P17,Grocery,4,2431,0,Website,Chennai,0,Hyderabad,55+,M,Offline,2025-03-04,5,14669,2026-01-15,0,Product_17,Electronics,236,82,167,134,9724,0.0,9724.0
T567,2025-10-28,C168,P18,Books,3,1629,0,App,Kolkata,0,Pune,55+,F,Marketplace,2025-04-05,18,7129,2026-07-01,0,Product_18,Home,3080,1108,114,33,4887,0.0,4887.0
T568,2025-08-12,C169,P19,Sports,4,3099,5,Marketplace,Pune,0,Pune,45-54,M,Website,2025-11-10,13,37718,2025-07-08,0,Product_19,Apparel,895,393,498,181,12396,619.8,11776.2
T569,2024-09-14,C170,P20,Health,5,3760,10,App,Mumbai,0,Delhi,55+,M,Marketplace,2025-12-26,8,21951,2026-06-01,0,Product_20,Beauty,133,45,396,138,18800,1880.0,16920.0
T570,2024-10-04,C171,P21,Books,5,1223,15,Website,Pune,0,Chennai,25-34,F,Offline,2024-12-10,3,43199,2026-06-16,0,Product_21,Beauty,1363,504,290,52,6115,917.25,5197.75
T571,2025-09-11,C172,P22,Electronics,5,2985,10,Offline,Jaipur,0,Delhi,18-24,F,Website,2024-09-12,20,5960,2026-03-19,0,Product_22,Electronics,4371,2010,427,18,14925,1492.5,13432.5
T572,2025-02-10,C173,P23,Grocery,2,3399,10,App,Pune,1,Chennai,45-54,F,Offline,2024-08-30,14,2339,2025-11-16,0,Product_23,Grocery,1211,569,460,104,6798,679.8,6118.2
T573,2024-07-09,C174,P24,Apparel,4,2224,0,Marketplace,Bangalore,0,Delhi,35-44,F,App,2025-11-21,8,7900,2025-11-15,0,Product_24,Grocery,2140,963,138,140,8896,0.0,8896.0
T574,2024-09-09,C175,P25,Apparel,5,2166,10,App,Jaipur,0,Mumbai,45-54,F,App,2024-11-16,10,13671,2025-09-25,0,Product_25,Apparel,2330,1048,250,178,10830,1083.0,9747.0
T575,2024-12-14,C176,P26,Home,4,2563,0,Offline,Delhi,0,Pune,18-24,F,Marketplace,2025-04-29,15,36959,2025-07-10,0,Product_26,Electronics,3743,1908,458,106,10252,0.0,10252.0
T576,2025-04-02,C177,P27,Home,3,1433,15,Marketplace,Kolkata,0,Bangalore,25-34,M,Website,2025-09-01,18,47329,2026-03-15,0,Product_27,Beauty,4124,1237,236,8,4299,644.85,3654.15
T577,2025-08-02,C178,P28,Grocery,3,4229,0,App,Kolkata,0,Delhi,25-34,M,Website,2025-01-25,6,40663,2025-07-20,0,Product_28,Beauty,1036,559,146,139,12687,0.0,12687.0
T578,2026-02-15,C179,P29,Grocery,3,902,0,Offline,Mumbai,0,Mumbai,18-24,F,Offline,2026-04-18,15,27569,2026-04-23,0,Product_29,Beauty,2307,738,379,136,2706,0.0,2706.0
T579,2025-05-21,C180,P30,Electronics,3,1861,0,App,Hyderabad,0,Chennai,45-54,F,Offline,2024-09-08,2,12501,2026-01-30,0,Product_30,Apparel,574,269,402,192,5583,0.0,5583.0
T580,2025-07-14,C181,P31,Home,2,622,0,Marketplace,Jaipur,0,Delhi,55+,M,Website,2026-05-20,17,25484,2026-02-19,0,Product_31,Home,4429,1683,374,103,1244,0.0,1244.0
T581,2024-08-16,C182,P32,Apparel,2,2895,5,Marketplace,Kolkata,0,Delhi,45-54,F,App,2025-05-02,14,27596,2026-05-01,0,Product_32,Electronics,3713,1856,294,49,5790,289.5,5500.5
T582,2024-10-27,C183,P33,Apparel,2,2296,10,Marketplace,Bangalore,0,Bangalore,35-44,M,Offline,2025-11-04,16,18226,2026-03-18,0,Product_33,Beauty,2533,1266,385,138,4592,459.2,4132.8
T583,2026-02-20,C184,P34,Electronics,4,4132,10,Marketplace,Bangalore,0,Bangalore,25-34,M,App,2025-10-21,5,49920,2025-11-27,0,Product_34,Electronics,868,442,195,143,16528,1652.8,14875.2
T584,2025-08-04,C185,P35,Health,5,3263,0,Marketplace,Mumbai,0,Chennai,25-34,F,Website,2026-04-04,15,9625,2025-10-17,0,Product_35,Home,3394,1730,32,16,16315,0.0,16315.0
T585,2024-08-13,C186,P36,Apparel,4,3077,0,Offline,Jaipur,0,Hyderabad,55+,M,Offline,2024-12-10,17,34470,2026-06-03,0,Product_36,Home,4398,2242,52,28,12308,0.0,12308.0
T586,2025-01-23,C187,P37,Sports,1,4140,10,Marketplace,Hyderabad,0,Hyderabad,45-54,M,Website,2025-02-28,17,22346,2025-10-03,0,Product_37,Apparel,1414,692,483,25,4140,414.0,3726.0
T587,2026-02-03,C188,P38,Apparel,4,4081,0,Website,Hyderabad,1,Chennai,35-44,F,Offline,2026-03-16,11,13341,2026-05-07,0,Product_38,Home,4479,2329,199,148,16324,0.0,16324.0
T588,2024-10-27,C189,P39,Beauty,5,4137,0,Marketplace,Pune,0,Delhi,55+,M,Offline,2025-10-17,4,18839,2025-11-23,0,Product_39,Beauty,1082,324,228,192,20685,0.0,20685.0
T589,2025-10-11,C190,P40,Electronics,2,559,0,App,Kolkata,0,Bangalore,25-34,M,App,2025-08-23,1,3775,2025-09-22,1,Product_40,Electronics,579,237,447,9,1118,0.0,1118.0
T590,2026-06-10,C191,P41,Beauty,2,2139,0,App,Hyderabad,1,Hyderabad,45-54,F,Marketplace,2025-02-19,17,1535,2025-07-24,0,Product_41,Grocery,2620,943,175,27,4278,0.0,4278.0
T591,2025-04-17,C192,P42,Sports,4,2439,15,Offline,Hyderabad,0,Hyderabad,45-54,F,Website,2024-10-22,12,16681,2026-02-17,0,Product_42,Beauty,389,151,78,111,9756,1463.4,8292.6
T592,2026-04-07,C193,P43,Books,3,1337,0,Offline,Pune,0,Mumbai,18-24,F,Marketplace,2024-12-11,12,9229,2026-04-19,0,Product_43,Electronics,721,295,146,105,4011,0.0,4011.0
T593,2024-11-05,C194,P44,Home,5,559,5,App,Delhi,0,Hyderabad,45-54,F,App,2025-11-19,13,40743,2025-08-17,0,Product_44,Home,4903,1814,314,164,2795,139.75,2655.25
T594,2025-05-08,C195,P45,Books,1,1594,10,Offline,Kolkata,0,Bangalore,25-34,M,Website,2025-09-28,9,26103,2026-03-21,0,Product_45,Apparel,4036,1896,285,146,1594,159.4,1434.6
T595,2024-12-21,C196,P46,Electronics,1,2590,0,App,Pune,0,Delhi,55+,F,App,2025-05-25,16,41188,2026-07-07,0,Product_46,Electronics,634,253,372,55,2590,0.0,2590.0
T596,2024-07-14,C197,P47,Books,4,915,5,App,Pune,0,Hyderabad,18-24,M,Website,2026-01-29,5,17607,2026-06-08,0,Product_47,Beauty,1235,580,183,144,3660,183.0,3477.0
T597,2025-08-13,C198,P48,Sports,3,3184,5,Website,Hyderabad,0,Delhi,35-44,F,Website,2024-08-09,18,7550,2025-12-26,0,Product_48,Home,1309,641,400,114,9552,477.6,9074.4
T598,2026-04-26,C199,P49,Beauty,3,4738,0,Website,Hyderabad,0,Mumbai,45-54,M,App,2026-01-03,20,32471,2026-03-06,0,Product_49,Grocery,1320,673,99,51,14214,0.0,14214.0
T599,2024-12-16,C200,P50,Health,3,1663,10,Offline,Mumbai,0,Mumbai,55+,M,Website,2025-09-25,17,45177,2025-07-12,0,Product_50,Electronics,2448,954,197,103,4989,498.9,4490.1
T600,2025-04-06,C1,P1,Apparel,1,655,5,Offline,Jaipur,0,Delhi,18-24,F,Marketplace,2025-11-08,19,33219,2026-04-27,0,Product_1,Beauty,4921,2017,383,112,655,32.75,622.25
T601,2025-10-28,C2,P2,Home,1,1271,5,Marketplace,Mumbai,0,Mumbai,18-24,M,App,2025-03-19,4,7139,2025-11-11,0,Product_2,Home,3191,957,234,143,1271,63.55,1207.45
T602,2025-01-26,C3,P3,Apparel,4,956,5,App,Kolkata,0,Hyderabad,18-24,F,Marketplace,2025-04-03,3,10843,2025-12-22,0,Product_3,Electronics,2561,768,121,24,3824,191.2,3632.8
T603,2026-03-21,C4,P4,Apparel,3,4795,10,Offline,Hyderabad,0,Pune,45-54,M,Marketplace,2024-09-13,17,44332,2026-06-01,0,Product_4,Apparel,3242,1069,490,184,14385,1438.5,12946.5
T604,2025-06-24,C5,P5,Health,1,1710,15,Marketplace,Jaipur,0,Pune,45-54,F,Offline,2024-11-27,7,36395,2026-04-11,0,Product_5,Apparel,1119,369,388,27,1710,256.5,1453.5
T605,2025-01-03,C6,P6,Apparel,5,965,5,Marketplace,Jaipur,0,Delhi,35-44,M,Website,2025-10-13,15,25969,2025-10-23,0,Product_6,Electronics,1835,550,8,167,4825,241.25,4583.75
T606,2026-06-04,C7,P7,Sports,4,519,5,Offline,Bangalore,0,Bangalore,45-54,F,Marketplace,2025-07-16,13,39958,2025-07-28,0,Product_7,Home,2808,1207,162,199,2076,103.8,1972.2
T607,2025-03-21,C8,P8,Home,2,2777,10,App,Delhi,0,Delhi,18-24,M,Website,2025-09-16,15,17133,2025-07-24,0,Product_8,Electronics,1667,800,408,173,5554,555.4,4998.6
T608,2025-06-02,C9,P9,Electronics,1,1409,0,App,Pune,0,Bangalore,55+,F,Website,2025-10-27,16,16310,2025-10-29,0,Product_9,Apparel,2580,851,138,188,1409,0.0,1409.0
T609,2025-10-08,C10,P10,Home,5,3877,0,Offline,Chennai,0,Chennai,45-54,F,App,2025-12-26,3,35834,2025-10-20,0,Product_10,Grocery,1054,527,352,102,19385,0.0,19385.0
T610,2025-11-15,C11,P11,Home,4,1852,5,Marketplace,Mumbai,0,Hyderabad,35-44,F,Offline,2026-04-27,16,48219,2026-04-21,0,Product_11,Electronics,1011,434,302,11,7408,370.4,7037.6
T611,2025-04-27,C12,P12,Sports,1,2775,0,Marketplace,Kolkata,0,Mumbai,25-34,M,App,2025-03-24,11,31189,2026-02-01,0,Product_12,Apparel,562,174,454,142,2775,0.0,2775.0
T612,2025-06-19,C13,P13,Grocery,5,4825,0,Marketplace,Hyderabad,0,Chennai,18-24,M,App,2024-09-20,4,7985,2026-01-29,0,Product_13,Electronics,4992,1497,127,97,24125,0.0,24125.0
T613,2025-06-26,C14,P14,Health,2,3277,10,App,Jaipur,1,Chennai,18-24,F,Marketplace,2026-04-27,17,22041,2026-03-31,0,Product_14,Grocery,4389,1931,289,11,6554,655.4,5898.6
T614,2024-12-22,C15,P15,Home,5,2301,0,Offline,Delhi,0,Pune,45-54,F,App,2024-12-16,7,31378,2025-08-23,0,Product_15,Grocery,853,281,446,190,11505,0.0,11505.0
T615,2025-05-24,C16,P16,Books,4,4145,0,App,Mumbai,1,Pune,45-54,F,Marketplace,2026-04-30,1,30102,2025-09-23,1,Product_16,Grocery,2315,1088,256,76,16580,0.0,16580.0
T616,2025-10-09,C17,P17,Home,3,3101,0,Website,Chennai,0,Delhi,35-44,F,Website,2025-09-05,7,12781,2026-02-16,0,Product_17,Electronics,236,82,167,134,9303,0.0,9303.0
T617,2025-08-18,C18,P18,Home,5,3396,5,Marketplace,Jaipur,0,Mumbai,55+,F,App,2025-06-21,14,30669,2025-07-22,0,Product_18,Home,3080,1108,114,33,16980,849.0,16131.0
T618,2026-01-22,C19,P19,Books,1,2311,15,Marketplace,Bangalore,0,Hyderabad,45-54,M,Website,2024-11-26,15,45028,2026-07-03,0,Product_19,Apparel,895,393,498,181,2311,346.65,1964.35
T619,2024-07-05,C20,P20,Health,2,4364,5,App,Jaipur,0,Bangalore,55+,F,Website,2025-10-28,3,13847,2026-03-13,0,Product_20,Beauty,133,45,396,138,8728,436.4,8291.6
T620,2026-02-14,C21,P21,Apparel,1,1242,0,Offline,Kolkata,0,Mumbai,45-54,F,App,2025-12-19,16,36885,2025-09-03,0,Product_21,Beauty,1363,504,290,52,1242,0.0,1242.0
T621,2025-02-19,C22,P22,Home,1,1275,15,App,Pune,0,Hyderabad,35-44,F,Website,2024-07-17,14,12005,2026-05-11,0,Product_22,Electronics,4371,2010,427,18,1275,191.25,1083.75
T622,2025-12-27,C23,P23,Grocery,5,1306,15,Website,Mumbai,0,Chennai,35-44,F,App,2025-11-10,12,19980,2025-10-18,0,Product_23,Grocery,1211,569,460,104,6530,979.5,5550.5
T623,2024-10-04,C24,P24,Beauty,3,4303,0,Website,Hyderabad,0,Pune,18-24,F,Website,2025-07-13,13,24297,2026-02-25,0,Product_24,Grocery,2140,963,138,140,12909,0.0,12909.0
T624,2024-09-13,C25,P25,Health,4,4832,10,Offline,Pune,0,Pune,25-34,M,App,2025-01-07,12,7769,2026-05-15,0,Product_25,Apparel,2330,1048,250,178,19328,1932.8,17395.2
T625,2025-10-06,C26,P26,Health,3,2056,15,Marketplace,Bangalore,0,Pune,55+,F,App,2026-03-25,13,17111,2025-08-09,0,Product_26,Electronics,3743,1908,458,106,6168,925.2,5242.8
T626,2024-07-11,C27,P27,Electronics,1,1995,15,Marketplace,Chennai,0,Pune,18-24,F,Offline,2025-10-31,14,40325,2025-09-12,0,Product_27,Beauty,4124,1237,236,8,1995,299.25,1695.75
T627,2025-03-13,C28,P28,Home,4,2162,15,Offline,Delhi,0,Delhi,45-54,F,Offline,2025-10-13,3,48993,2026-06-10,0,Product_28,Beauty,1036,559,146,139,8648,1297.2,7350.8
T628,2025-01-03,C29,P29,Sports,5,3000,0,Offline,Mumbai,0,Delhi,25-34,F,Website,2024-11-13,11,888,2026-03-12,0,Product_29,Beauty,2307,738,379,136,15000,0.0,15000.0
T629,2026-06-12,C30,P30,Beauty,3,1578,0,Marketplace,Pune,0,Delhi,55+,M,Website,2026-04-03,11,18096,2026-02-23,0,Product_30,Apparel,574,269,402,192,4734,0.0,4734.0
T630,2025-06-13,C31,P31,Sports,4,2293,10,Website,Kolkata,0,Mumbai,45-54,F,Offline,2025-09-30,19,8069,2026-04-16,0,Product_31,Home,4429,1683,374,103,9172,917.2,8254.8
T631,2025-05-02,C32,P32,Beauty,1,2720,0,Marketplace,Jaipur,0,Bangalore,25-34,F,Marketplace,2024-07-22,16,12293,2025-07-13,0,Product_32,Electronics,3713,1856,294,49,2720,0.0,2720.0
T632,2025-05-20,C33,P33,Electronics,3,4397,0,App,Hyderabad,1,Pune,18-24,F,Marketplace,2026-05-13,7,5600,2026-05-14,0,Product_33,Beauty,2533,1266,385,138,13191,0.0,13191.0
T633,2025-05-10,C34,P34,Books,4,1054,0,Offline,Pune,0,Mumbai,55+,F,App,2024-09-08,18,49538,2026-03-03,0,Product_34,Electronics,868,442,195,143,4216,0.0,4216.0
T634,2026-03-11,C35,P35,Home,4,4609,15,Marketplace,Mumbai,0,Delhi,45-54,F,Website,2025-02-20,2,42758,2025-11-21,0,Product_35,Home,3394,1730,32,16,18436,2765.4,15670.6
T635,2025-07-04,C36,P36,Electronics,2,3852,0,App,Hyderabad,1,Hyderabad,45-54,F,Offline,2025-05-04,2,27177,2025-08-03,0,Product_36,Home,4398,2242,52,28,7704,0.0,7704.0
T636,2026-03-06,C37,P37,Apparel,3,954,0,Offline,Pune,0,Chennai,45-54,F,App,2024-08-22,5,6787,2026-06-29,0,Product_37,Apparel,1414,692,483,25,2862,0.0,2862.0
T637,2025-07-24,C38,P38,Sports,1,1530,5,App,Pune,0,Mumbai,18-24,M,Offline,2024-12-15,9,3113,2025-08-20,0,Product_38,Home,4479,2329,199,148,1530,76.5,1453.5
T638,2025-06-06,C39,P39,Beauty,4,1701,5,App,Jaipur,0,Delhi,25-34,F,App,2026-05-08,18,31740,2025-08-14,0,Product_39,Beauty,1082,324,228,192,6804,340.2,6463.8
T639,2025-09-06,C40,P40,Health,4,4165,0,Offline,Jaipur,0,Bangalore,45-54,F,Offline,2025-08-30,4,13150,2025-11-04,0,Product_40,Electronics,579,237,447,9,16660,0.0,16660.0
T640,2026-02-07,C41,P41,Home,3,3711,10,Offline,Hyderabad,0,Pune,45-54,M,Website,2025-07-18,5,34432,2025-11-17,0,Product_41,Grocery,2620,943,175,27,11133,1113.3,10019.7
T641,2024-09-04,C42,P42,Grocery,5,4739,5,Marketplace,Bangalore,0,Hyderabad,25-34,F,Offline,2024-10-17,12,43780,2026-05-19,0,Product_42,Beauty,389,151,78,111,23695,1184.75,22510.25
T642,2025-04-07,C43,P43,Beauty,3,4287,0,App,Kolkata,1,Hyderabad,18-24,M,Marketplace,2024-10-27,14,49389,2026-04-05,0,Product_43,Electronics,721,295,146,105,12861,0.0,12861.0
T643,2025-02-19,C44,P44,Sports,2,3982,10,Offline,Kolkata,0,Chennai,55+,F,App,2024-07-30,1,32271,2025-10-13,0,Product_44,Home,4903,1814,314,164,7964,796.4,7167.6
T644,2024-10-03,C45,P45,Home,4,2502,10,Marketplace,Kolkata,0,Chennai,35-44,F,Offline,2026-04-21,3,14570,2026-06-14,0,Product_45,Apparel,4036,1896,285,146,10008,1000.8,9007.2
T645,2025-09-13,C46,P46,Sports,5,3728,0,Website,Hyderabad,0,Pune,18-24,M,Marketplace,2024-12-13,8,37125,2025-08-28,0,Product_46,Electronics,634,253,372,55,18640,0.0,18640.0
T646,2026-03-25,C47,P47,Electronics,5,3576,0,Marketplace,Mumbai,0,Mumbai,45-54,M,Marketplace,2026-04-15,7,19656,2026-04-25,0,Product_47,Beauty,1235,580,183,144,17880,0.0,17880.0
T647,2025-01-03,C48,P48,Books,2,3135,0,App,Kolkata,0,Mumbai,18-24,F,Website,2025-02-23,13,41095,2026-03-17,0,Product_48,Home,1309,641,400,114,6270,0.0,6270.0
T648,2025-08-07,C49,P49,Electronics,5,2565,0,App,Jaipur,0,Chennai,18-24,M,Marketplace,2025-10-10,6,33287,2026-06-08,0,Product_49,Grocery,1320,673,99,51,12825,0.0,12825.0
T649,2025-01-13,C50,P50,Sports,4,2299,15,Website,Chennai,0,Pune,18-24,M,App,2025-04-09,10,6621,2026-03-24,0,Product_50,Electronics,2448,954,197,103,9196,1379.4,7816.6
T650,2024-11-17,C51,P1,Health,5,2813,5,Marketplace,Chennai,0,Bangalore,18-24,M,Offline,2025-06-09,15,44027,2025-08-03,0,Product_1,Beauty,4921,2017,383,112,14065,703.25,13361.75
T651,2024-09-19,C52,P2,Books,2,3354,15,Offline,Chennai,0,Hyderabad,45-54,F,Offline,2025-12-28,20,8043,2025-10-18,0,Product_2,Home,3191,957,234,143,6708,1006.2,5701.8
T652,2025-08-17,C53,P3,Health,4,3480,0,App,Jaipur,0,Bangalore,55+,F,Offline,2024-12-24,1,20361,2026-05-15,1,Product_3,Electronics,2561,768,121,24,13920,0.0,13920.0
T653,2024-08-04,C54,P4,Beauty,2,2312,0,Marketplace,Hyderabad,0,Chennai,35-44,M,Website,2025-06-16,17,34194,2025-11-24,0,Product_4,Apparel,3242,1069,490,184,4624,0.0,4624.0
T654,2025-10-22,C55,P5,Books,2,559,0,Offline,Delhi,0,Bangalore,18-24,F,Website,2024-10-09,20,38944,2026-06-15,0,Product_5,Apparel,1119,369,388,27,1118,0.0,1118.0
T655,2024-07-19,C56,P6,Sports,5,1870,0,Marketplace,Jaipur,0,Hyderabad,55+,M,Website,2024-10-31,12,10093,2025-10-18,0,Product_6,Electronics,1835,550,8,167,9350,0.0,9350.0
T656,2025-05-04,C57,P7,Apparel,4,1665,15,Website,Kolkata,0,Chennai,25-34,F,Website,2026-03-25,13,1032,2025-10-24,0,Product_7,Home,2808,1207,162,199,6660,999.0,5661.0
T657,2026-06-03,C58,P8,Beauty,4,1008,0,App,Mumbai,0,Pune,35-44,M,App,2025-06-21,5,36384,2026-05-25,0,Product_8,Electronics,1667,800,408,173,4032,0.0,4032.0
T658,2026-03-26,C59,P9,Apparel,4,2220,0,Marketplace,Pune,0,Delhi,55+,M,Marketplace,2025-09-05,8,13788,2026-01-15,0,Product_9,Apparel,2580,851,138,188,8880,0.0,8880.0
T659,2026-03-26,C60,P10,Books,5,3166,10,App,Hyderabad,1,Hyderabad,55+,F,Marketplace,2026-03-23,17,18202,2026-05-24,0,Product_10,Grocery,1054,527,352,102,15830,1583.0,14247.0
T660,2025-11-12,C61,P11,Health,1,1879,10,Offline,Hyderabad,0,Hyderabad,35-44,M,Marketplace,2025-10-04,2,10659,2026-04-03,0,Product_11,Electronics,1011,434,302,11,1879,187.9,1691.1
T661,2024-09-06,C62,P12,Grocery,1,1366,0,Offline,Delhi,0,Bangalore,55+,M,App,2025-11-26,12,48224,2026-05-21,0,Product_12,Apparel,562,174,454,142,1366,0.0,1366.0
T662,2025-03-03,C63,P13,Beauty,5,1505,15,Website,Mumbai,0,Delhi,25-34,M,Website,2025-11-12,15,7624,2026-01-06,0,Product_13,Electronics,4992,1497,127,97,7525,1128.75,6396.25
T663,2025-08-10,C64,P14,Sports,5,2858,15,App,Pune,0,Pune,25-34,M,Website,2024-08-20,13,41258,2025-07-25,0,Product_14,Grocery,4389,1931,289,11,14290,2143.5,12146.5
T664,2024-12-13,C65,P15,Apparel,1,2805,0,Marketplace,Hyderabad,0,Mumbai,45-54,F,App,2025-01-24,7,38340,2025-11-15,0,Product_15,Grocery,853,281,446,190,2805,0.0,2805.0
T665,2025-05-16,C66,P16,Books,3,1422,15,Offline,Chennai,0,Chennai,45-54,F,App,2025-07-24,19,44202,2026-01-16,0,Product_16,Grocery,2315,1088,256,76,4266,639.9,3626.1
T666,2024-09-08,C67,P17,Health,4,1817,0,Marketplace,Delhi,0,Bangalore,55+,F,Website,2025-03-10,2,1265,2025-09-06,0,Product_17,Electronics,236,82,167,134,7268,0.0,7268.0
T667,2024-10-20,C68,P18,Grocery,4,1250,5,App,Hyderabad,0,Chennai,18-24,F,Website,2025-01-30,14,26312,2025-11-17,0,Product_18,Home,3080,1108,114,33,5000,250.0,4750.0
T668,2025-10-27,C69,P19,Books,1,4971,0,Website,Kolkata,0,Delhi,45-54,F,App,2024-07-30,10,19454,2025-08-31,0,Product_19,Apparel,895,393,498,181,4971,0.0,4971.0
T669,2025-05-11,C70,P20,Home,3,3853,0,Offline,Hyderabad,0,Delhi,25-34,M,Website,2025-07-31,18,37057,2026-05-11,0,Product_20,Beauty,133,45,396,138,11559,0.0,11559.0
T670,2024-10-22,C71,P21,Sports,2,955,0,Offline,Hyderabad,0,Chennai,35-44,F,Offline,2026-05-29,20,20314,2025-12-27,0,Product_21,Beauty,1363,504,290,52,1910,0.0,1910.0
T671,2025-03-09,C72,P22,Apparel,1,1375,0,Website,Kolkata,0,Hyderabad,35-44,F,Offline,2025-04-15,13,27112,2025-09-05,0,Product_22,Electronics,4371,2010,427,18,1375,0.0,1375.0
T672,2025-03-02,C73,P23,Home,5,2222,0,Website,Pune,1,Delhi,35-44,M,Website,2025-06-24,19,3312,2025-10-25,0,Product_23,Grocery,1211,569,460,104,11110,0.0,11110.0
T673,2025-04-18,C74,P24,Grocery,5,3031,0,Marketplace,Delhi,0,Chennai,25-34,F,Offline,2024-09-09,17,36684,2025-10-14,0,Product_24,Grocery,2140,963,138,140,15155,0.0,15155.0
T674,2025-09-27,C75,P25,Grocery,3,4585,0,Offline,Chennai,0,Chennai,18-24,F,Offline,2025-04-30,17,42909,2026-06-24,0,Product_25,Apparel,2330,1048,250,178,13755,0.0,13755.0
T675,2025-02-28,C76,P26,Sports,4,3351,0,Website,Hyderabad,0,Mumbai,18-24,F,Marketplace,2024-08-08,14,16342,2025-09-24,0,Product_26,Electronics,3743,1908,458,106,13404,0.0,13404.0
T676,2025-02-02,C77,P27,Books,5,2352,10,Website,Chennai,0,Mumbai,25-34,M,Marketplace,2026-05-06,20,1220,2025-11-19,0,Product_27,Beauty,4124,1237,236,8,11760,1176.0,10584.0
T677,2026-03-04,C78,P28,Books,5,2268,5,Website,Delhi,0,Pune,45-54,F,Offline,2024-11-16,1,32592,2025-09-09,1,Product_28,Beauty,1036,559,146,139,11340,567.0,10773.0
T678,2024-07-23,C79,P29,Apparel,2,4750,0,App,Mumbai,0,Delhi,18-24,F,Website,2024-11-01,7,41480,2026-04-27,0,Product_29,Beauty,2307,738,379,136,9500,0.0,9500.0
T679,2024-07-11,C80,P30,Health,5,1156,15,Website,Chennai,0,Chennai,55+,F,Marketplace,2025-10-08,17,573,2026-05-21,0,Product_30,Apparel,574,269,402,192,5780,867.0,4913.0
T680,2024-08-15,C81,P31,Grocery,5,1702,0,App,Chennai,0,Mumbai,55+,M,App,2025-07-10,13,10780,2026-06-25,0,Product_31,Home,4429,1683,374,103,8510,0.0,8510.0
T681,2026-01-01,C82,P32,Books,2,2284,10,Offline,Bangalore,1,Mumbai,45-54,F,App,2026-04-21,4,45545,2025-08-10,0,Product_32,Electronics,3713,1856,294,49,4568,456.8,4111.2
T682,2024-08-02,C83,P33,Sports,4,1873,0,Website,Jaipur,0,Pune,55+,F,App,2024-12-13,12,11185,2025-08-19,0,Product_33,Beauty,2533,1266,385,138,7492,0.0,7492.0
T683,2025-04-05,C84,P34,Apparel,5,2319,5,Marketplace,Bangalore,0,Hyderabad,25-34,M,Marketplace,2024-10-08,5,27263,2026-03-03,0,Product_34,Electronics,868,442,195,143,11595,579.75,11015.25
T684,2024-09-12,C85,P35,Home,5,962,0,App,Mumbai,0,Hyderabad,35-44,M,Marketplace,2024-12-07,3,15527,2025-12-18,0,Product_35,Home,3394,1730,32,16,4810,0.0,4810.0
T685,2024-08-17,C86,P36,Grocery,2,2389,0,Offline,Pune,0,Pune,35-44,F,Offline,2026-04-28,11,13497,2026-01-31,0,Product_36,Home,4398,2242,52,28,4778,0.0,4778.0
T686,2025-02-10,C87,P37,Electronics,3,2206,10,Marketplace,Delhi,0,Hyderabad,45-54,F,Marketplace,2025-04-26,8,17987,2026-01-16,0,Product_37,Apparel,1414,692,483,25,6618,661.8,5956.2
T687,2025-03-25,C88,P38,Electronics,3,4317,10,Offline,Bangalore,0,Bangalore,45-54,F,Marketplace,2025-07-23,8,44740,2026-05-21,0,Product_38,Home,4479,2329,199,148,12951,1295.1,11655.9
T688,2025-12-20,C89,P39,Apparel,4,2871,0,Offline,Kolkata,0,Pune,55+,M,App,2024-09-08,19,26368,2025-11-12,0,Product_39,Beauty,1082,324,228,192,11484,0.0,11484.0
T689,2025-10-06,C90,P40,Apparel,5,934,0,Website,Mumbai,0,Hyderabad,25-34,M,App,2025-02-19,5,43344,2025-08-20,0,Product_40,Electronics,579,237,447,9,4670,0.0,4670.0
T690,2026-02-11,C91,P41,Sports,2,1996,15,App,Jaipur,0,Chennai,55+,F,Marketplace,2025-06-19,3,13895,2025-11-14,0,Product_41,Grocery,2620,943,175,27,3992,598.8,3393.2
T691,2025-07-23,C92,P42,Apparel,4,3682,0,Offline,Delhi,0,Mumbai,45-54,M,App,2025-01-12,3,31873,2025-08-08,0,Product_42,Beauty,389,151,78,111,14728,0.0,14728.0
T692,2026-01-13,C93,P43,Apparel,1,2784,0,Marketplace,Kolkata,0,Bangalore,45-54,M,Website,2025-04-16,8,979,2025-07-21,0,Product_43,Electronics,721,295,146,105,2784,0.0,2784.0
T693,2025-03-25,C94,P44,Grocery,3,1367,5,App,Kolkata,0,Chennai,18-24,M,Marketplace,2024-09-29,13,18911,2025-10-08,0,Product_44,Home,4903,1814,314,164,4101,205.05,3895.95
T694,2025-03-13,C95,P45,Books,5,4365,15,Website,Kolkata,0,Mumbai,55+,M,Marketplace,2025-01-14,8,19703,2026-05-19,0,Product_45,Apparel,4036,1896,285,146,21825,3273.75,18551.25
T695,2024-11-10,C96,P46,Beauty,1,3463,0,App,Kolkata,0,Bangalore,55+,M,Marketplace,2025-02-03,5,9229,2025-08-13,0,Product_46,Electronics,634,253,372,55,3463,0.0,3463.0
T696,2025-08-12,C97,P47,Grocery,1,1298,15,App,Bangalore,0,Mumbai,55+,M,App,2024-10-12,19,17990,2025-11-04,0,Product_47,Beauty,1235,580,183,144,1298,194.7,1103.3
T697,2026-01-15,C98,P48,Sports,4,1103,10,Website,Chennai,0,Pune,18-24,M,Website,2026-01-22,10,7710,2025-09-25,0,Product_48,Home,1309,641,400,114,4412,441.2,3970.8
T698,2025-09-04,C99,P49,Beauty,5,3027,0,Website,Mumbai,0,Delhi,55+,F,Offline,2026-01-17,1,15233,2025-11-10,1,Product_49,Grocery,1320,673,99,51,15135,0.0,15135.0
T699,2024-07-13,C100,P50,Books,1,4415,0,Marketplace,Delhi,0,Bangalore,35-44,F,App,2024-08-26,19,5153,2025-08-08,0,Product_50,Electronics,2448,954,197,103,4415,0.0,4415.0
T700,2024-07-22,C101,P1,Sports,1,2436,15,App,Pune,0,Delhi,55+,M,Website,2026-02-06,19,10568,2025-12-27,0,Product_1,Beauty,4921,2017,383,112,2436,365.4,2070.6
T701,2024-11-06,C102,P2,Beauty,4,2527,0,Website,Kolkata,0,Delhi,45-54,F,Marketplace,2026-03-17,8,20359,2025-10-12,0,Product_2,Home,3191,957,234,143,10108,0.0,10108.0
T702,2025-04-28,C103,P3,Beauty,4,2478,15,Website,Mumbai,0,Chennai,35-44,F,Offline,2026-05-20,15,19141,2026-04-26,0,Product_3,Electronics,2561,768,121,24,9912,1486.8,8425.2
T703,2025-08-04,C104,P4,Beauty,4,1638,10,Offline,Chennai,0,Hyderabad,55+,F,Offline,2025-11-09,6,38307,2026-05-16,0,Product_4,Apparel,3242,1069,490,184,6552,655.2,5896.8
T704,2025-09-25,C105,P5,Beauty,3,1976,15,Offline,Jaipur,0,Mumbai,55+,F,Marketplace,2024-12-28,18,5263,2025-12-22,0,Product_5,Apparel,1119,369,388,27,5928,889.2,5038.8
T705,2026-05-15,C106,P6,Books,2,1498,0,Marketplace,Chennai,0,Pune,45-54,F,Marketplace,2025-09-02,14,48843,2026-03-14,0,Product_6,Electronics,1835,550,8,167,2996,0.0,2996.0
T706,2026-03-12,C107,P7,Sports,1,2401,0,Offline,Pune,0,Hyderabad,55+,M,Website,2025-04-17,13,37631,2025-09-19,0,Product_7,Home,2808,1207,162,199,2401,0.0,2401.0
T707,2025-01-23,C108,P8,Sports,1,2187,10,App,Delhi,0,Mumbai,35-44,M,Marketplace,2026-05-30,20,28960,2025-07-11,0,Product_8,Electronics,1667,800,408,173,2187,218.7,1968.3
T708,2025-03-28,C109,P9,Electronics,4,1456,15,Website,Jaipur,0,Hyderabad,25-34,M,Website,2025-08-24,17,35130,2025-09-18,0,Product_9,Apparel,2580,851,138,188,5824,873.6,4950.4
T709,2026-03-09,C110,P10,Grocery,2,3059,5,Marketplace,Pune,0,Bangalore,45-54,F,Offline,2026-05-04,3,47650,2025-09-09,0,Product_10,Grocery,1054,527,352,102,6118,305.9,5812.1
T710,2024-12-04,C111,P11,Grocery,4,1878,0,Website,Mumbai,0,Pune,18-24,M,Marketplace,2025-02-15,3,42575,2026-06-25,0,Product_11,Electronics,1011,434,302,11,7512,0.0,7512.0
T711,2025-04-10,C112,P12,Grocery,3,590,0,Marketplace,Pune,0,Hyderabad,55+,M,Offline,2025-02-09,2,29370,2025-09-06,0,Product_12,Apparel,562,174,454,142,1770,0.0,1770.0
T712,2025-08-07,C113,P13,Sports,2,3543,0,Marketplace,Chennai,0,Hyderabad,45-54,M,Offline,2024-09-17,19,27915,2025-08-24,0,Product_13,Electronics,4992,1497,127,97,7086,0.0,7086.0
T713,2024-08-07,C114,P14,Apparel,3,2548,15,App,Chennai,0,Bangalore,25-34,F,App,2025-12-28,20,41949,2025-10-14,0,Product_14,Grocery,4389,1931,289,11,7644,1146.6,6497.4
T714,2025-01-14,C115,P15,Apparel,4,4565,0,App,Pune,0,Bangalore,55+,F,Website,2025-01-16,17,3538,2026-02-16,0,Product_15,Grocery,853,281,446,190,18260,0.0,18260.0
T715,2025-08-08,C116,P16,Grocery,1,2328,0,Marketplace,Jaipur,0,Pune,25-34,F,Website,2025-06-12,17,22192,2026-03-03,0,Product_16,Grocery,2315,1088,256,76,2328,0.0,2328.0
T716,2024-11-14,C117,P17,Sports,4,655,15,Website,Chennai,0,Chennai,45-54,M,Offline,2024-11-29,5,17376,2025-07-12,0,Product_17,Electronics,236,82,167,134,2620,393.0,2227.0
T717,2025-11-22,C118,P18,Apparel,4,825,5,Website,Bangalore,0,Hyderabad,35-44,M,App,2025-02-17,18,43454,2026-07-01,0,Product_18,Home,3080,1108,114,33,3300,165.0,3135.0
T718,2025-12-26,C119,P19,Grocery,5,1630,15,Website,Hyderabad,0,Delhi,18-24,F,Offline,2025-08-31,11,33469,2025-08-11,0,Product_19,Apparel,895,393,498,181,8150,1222.5,6927.5
T719,2026-02-03,C120,P20,Books,5,2661,10,Website,Jaipur,0,Mumbai,18-24,M,Marketplace,2025-12-11,8,35512,2026-06-02,0,Product_20,Beauty,133,45,396,138,13305,1330.5,11974.5
T720,2026-04-23,C121,P21,Books,1,4983,15,App,Pune,0,Pune,45-54,M,App,2024-07-30,20,46108,2025-07-28,0,Product_21,Beauty,1363,504,290,52,4983,747.45,4235.55
T721,2025-09-17,C122,P22,Books,3,1153,10,Website,Kolkata,1,Hyderabad,55+,F,App,2025-06-23,17,23201,2026-02-24,0,Product_22,Electronics,4371,2010,427,18,3459,345.9,3113.1
T722,2025-04-09,C123,P23,Sports,2,2767,0,Marketplace,Chennai,1,Pune,45-54,M,Website,2024-07-14,20,48091,2025-07-21,0,Product_23,Grocery,1211,569,460,104,5534,0.0,5534.0
T723,2025-04-21,C124,P24,Health,3,2592,15,Marketplace,Pune,0,Pune,55+,M,App,2024-11-28,14,44665,2025-07-29,0,Product_24,Grocery,2140,963,138,140,7776,1166.4,6609.6
T724,2026-03-21,C125,P25,Grocery,3,1655,15,Marketplace,Jaipur,0,Mumbai,55+,M,App,2025-12-04,18,32732,2026-01-27,0,Product_25,Apparel,2330,1048,250,178,4965,744.75,4220.25
T725,2025-07-26,C126,P26,Apparel,3,4203,5,Marketplace,Jaipur,0,Mumbai,25-34,M,Offline,2025-09-15,11,35888,2025-09-21,0,Product_26,Electronics,3743,1908,458,106,12609,630.45,11978.55
T726,2025-03-05,C127,P27,Books,1,3641,0,App,Pune,0,Mumbai,18-24,F,App,2026-04-12,3,9557,2026-02-17,0,Product_27,Beauty,4124,1237,236,8,3641,0.0,3641.0
T727,2025-09-25,C128,P28,Sports,1,3226,5,Offline,Kolkata,1,Mumbai,45-54,M,Website,2026-03-30,20,7834,2026-02-16,0,Product_28,Beauty,1036,559,146,139,3226,161.3,3064.7
T728,2026-04-16,C129,P29,Apparel,1,2169,10,Marketplace,Hyderabad,0,Bangalore,45-54,F,Website,2025-05-21,10,20872,2026-03-11,0,Product_29,Beauty,2307,738,379,136,2169,216.9,1952.1
T729,2025-10-09,C130,P30,Beauty,2,3202,15,Marketplace,Jaipur,0,Pune,25-34,F,Offline,2025-10-19,18,18947,2026-04-11,0,Product_30,Apparel,574,269,402,192,6404,960.6,5443.4
T730,2024-11-03,C131,P31,Beauty,2,3079,0,App,Bangalore,1,Mumbai,35-44,M,App,2024-12-20,8,8706,2025-12-04,0,Product_31,Home,4429,1683,374,103,6158,0.0,6158.0
T731,2024-11-18,C132,P32,Books,5,4220,5,App,Kolkata,0,Delhi,55+,F,Website,2025-01-02,5,20911,2026-05-16,0,Product_32,Electronics,3713,1856,294,49,21100,1055.0,20045.0
T732,2024-08-16,C133,P33,Health,5,583,15,App,Hyderabad,0,Pune,18-24,F,Website,2025-12-04,19,4285,2025-10-13,0,Product_33,Beauty,2533,1266,385,138,2915,437.25,2477.75
T733,2024-10-23,C134,P34,Electronics,1,1991,10,Marketplace,Mumbai,0,Chennai,35-44,M,Website,2025-03-30,16,22761,2026-01-17,0,Product_34,Electronics,868,442,195,143,1991,199.1,1791.9
T734,2024-11-05,C135,P35,Books,1,1998,0,Marketplace,Bangalore,0,Bangalore,35-44,M,Website,2025-12-30,13,25142,2025-08-22,0,Product_35,Home,3394,1730,32,16,1998,0.0,1998.0
T735,2025-07-27,C136,P36,Beauty,2,2754,0,Offline,Kolkata,0,Chennai,25-34,F,Marketplace,2026-05-16,4,40281,2025-09-30,0,Product_36,Home,4398,2242,52,28,5508,0.0,5508.0
T736,2025-09-10,C137,P37,Electronics,5,4759,15,App,Mumbai,0,Delhi,45-54,F,Marketplace,2026-02-24,13,16464,2026-04-18,0,Product_37,Apparel,1414,692,483,25,23795,3569.25,20225.75
T737,2026-01-24,C138,P38,Beauty,3,3643,5,Website,Kolkata,0,Pune,45-54,M,Offline,2024-07-24,9,4056,2026-03-01,0,Product_38,Home,4479,2329,199,148,10929,546.45,10382.55
T738,2024-07-08,C139,P39,Grocery,4,4884,10,Offline,Jaipur,0,Hyderabad,25-34,F,Offline,2025-09-21,19,14278,2026-06-27,0,Product_39,Beauty,1082,324,228,192,19536,1953.6,17582.4
T739,2025-11-24,C140,P40,Health,5,1283,5,Marketplace,Kolkata,0,Mumbai,55+,M,Marketplace,2025-02-28,14,29222,2026-04-29,0,Product_40,Electronics,579,237,447,9,6415,320.75,6094.25
T740,2025-08-19,C141,P41,Health,1,3006,0,App,Pune,0,Chennai,55+,F,App,2025-12-08,12,35950,2025-10-26,0,Product_41,Grocery,2620,943,175,27,3006,0.0,3006.0
T741,2025-02-04,C142,P42,Sports,4,3746,5,Marketplace,Jaipur,0,Hyderabad,35-44,F,App,2024-08-14,12,15357,2025-11-01,0,Product_42,Beauty,389,151,78,111,14984,749.2,14234.8
T742,2025-08-05,C143,P43,Home,5,2865,0,App,Bangalore,0,Mumbai,25-34,M,Marketplace,2025-02-18,14,3898,2025-11-19,0,Product_43,Electronics,721,295,146,105,14325,0.0,14325.0
T743,2025-02-10,C144,P44,Electronics,5,4757,10,Website,Chennai,0,Bangalore,55+,F,Offline,2025-07-04,11,42058,2025-07-25,0,Product_44,Home,4903,1814,314,164,23785,2378.5,21406.5
T744,2026-02-10,C145,P45,Sports,2,2160,5,Offline,Kolkata,0,Pune,35-44,F,App,2024-11-22,1,49526,2026-04-06,1,Product_45,Apparel,4036,1896,285,146,4320,216.0,4104.0
T745,2026-01-09,C146,P46,Health,4,671,15,Website,Chennai,0,Hyderabad,25-34,F,Website,2025-01-03,11,8217,2025-07-20,0,Product_46,Electronics,634,253,372,55,2684,402.6,2281.4
T746,2025-04-08,C147,P47,Beauty,2,2255,10,Website,Mumbai,0,Pune,35-44,M,Website,2026-05-16,7,10878,2026-06-06,0,Product_47,Beauty,1235,580,183,144,4510,451.0,4059.0
T747,2024-10-11,C148,P48,Home,4,3848,15,Offline,Hyderabad,0,Pune,35-44,M,Offline,2025-05-18,13,42915,2026-04-09,0,Product_48,Home,1309,641,400,114,15392,2308.8,13083.2
T748,2026-04-06,C149,P49,Apparel,3,608,0,App,Chennai,0,Mumbai,25-34,F,Offline,2025-04-23,19,32558,2026-01-08,0,Product_49,Grocery,1320,673,99,51,1824,0.0,1824.0
T749,2024-07-14,C150,P50,Sports,3,4765,10,Website,Chennai,0,Hyderabad,35-44,F,Website,2026-03-13,20,11730,2025-10-23,0,Product_50,Electronics,2448,954,197,103,14295,1429.5,12865.5
T750,2024-09-20,C151,P1,Grocery,1,731,0,Marketplace,Jaipur,1,Mumbai,25-34,F,Offline,2024-09-28,16,48320,2026-04-22,0,Product_1,Beauty,4921,2017,383,112,731,0.0,731.0
T751,2024-10-20,C152,P2,Grocery,5,2444,0,Offline,Mumbai,1,Pune,55+,M,App,2025-05-11,7,35262,2026-06-23,0,Product_2,Home,3191,957,234,143,12220,0.0,12220.0
T752,2024-10-16,C153,P3,Apparel,4,1272,10,Marketplace,Jaipur,0,Pune,45-54,M,Offline,2026-04-20,8,20887,2026-01-25,0,Product_3,Electronics,2561,768,121,24,5088,508.8,4579.2
T753,2026-04-05,C154,P4,Sports,5,1515,0,Marketplace,Delhi,0,Delhi,45-54,M,Offline,2024-10-17,15,11585,2025-11-30,0,Product_4,Apparel,3242,1069,490,184,7575,0.0,7575.0
T754,2026-04-14,C155,P5,Health,3,1400,0,Website,Bangalore,0,Pune,18-24,F,App,2026-05-09,18,42455,2025-12-11,0,Product_5,Apparel,1119,369,388,27,4200,0.0,4200.0
T755,2026-06-27,C156,P6,Sports,4,3557,0,Website,Mumbai,0,Delhi,45-54,M,Marketplace,2024-10-17,2,20889,2026-06-08,0,Product_6,Electronics,1835,550,8,167,14228,0.0,14228.0
T756,2025-10-03,C157,P7,Apparel,2,2518,5,Website,Kolkata,0,Mumbai,18-24,F,App,2026-05-28,13,42847,2025-09-19,0,Product_7,Home,2808,1207,162,199,5036,251.8,4784.2
T757,2025-06-12,C158,P8,Beauty,2,4503,0,Offline,Pune,0,Bangalore,25-34,F,Offline,2025-10-31,10,37918,2025-11-23,0,Product_8,Electronics,1667,800,408,173,9006,0.0,9006.0
T758,2026-01-17,C159,P9,Beauty,1,2405,10,Offline,Pune,0,Delhi,18-24,M,Website,2025-04-13,20,24398,2025-10-16,0,Product_9,Apparel,2580,851,138,188,2405,240.5,2164.5
T759,2024-07-11,C160,P10,Electronics,3,2006,10,App,Chennai,0,Bangalore,18-24,M,Marketplace,2025-02-08,3,47547,2025-12-27,0,Product_10,Grocery,1054,527,352,102,6018,601.8,5416.2
T760,2026-04-03,C161,P11,Electronics,5,3299,0,Website,Chennai,0,Delhi,18-24,F,Offline,2025-04-01,16,42087,2026-06-17,0,Product_11,Electronics,1011,434,302,11,16495,0.0,16495.0
T761,2026-04-24,C162,P12,Home,5,1955,5,Offline,Jaipur,0,Mumbai,55+,M,App,2025-04-10,15,47463,2026-06-13,0,Product_12,Apparel,562,174,454,142,9775,488.75,9286.25
T762,2025-10-19,C163,P13,Home,4,4865,15,Marketplace,Pune,0,Mumbai,18-24,M,Offline,2025-07-02,10,5008,2026-04-11,0,Product_13,Electronics,4992,1497,127,97,19460,2919.0,16541.0
T763,2024-08-07,C164,P14,Apparel,4,4758,0,App,Bangalore,0,Mumbai,55+,F,Website,2025-06-22,3,15740,2025-10-27,0,Product_14,Grocery,4389,1931,289,11,19032,0.0,19032.0
T764,2024-08-26,C165,P15,Sports,4,4265,15,Offline,Bangalore,0,Pune,45-54,M,Website,2025-09-08,18,13955,2026-04-03,0,Product_15,Grocery,853,281,446,190,17060,2559.0,14501.0
T765,2026-06-07,C166,P16,Books,5,3236,5,Marketplace,Jaipur,0,Pune,35-44,M,Website,2025-06-15,11,40423,2026-06-23,0,Product_16,Grocery,2315,1088,256,76,16180,809.0,15371.0
T766,2025-07-23,C167,P17,Sports,4,1053,15,Website,Hyderabad,0,Hyderabad,55+,M,Offline,2025-03-04,5,14669,2026-01-15,0,Product_17,Electronics,236,82,167,134,4212,631.8,3580.2
T767,2024-10-22,C168,P18,Apparel,4,4977,0,App,Pune,0,Pune,55+,F,Marketplace,2025-04-05,18,7129,2026-07-01,0,Product_18,Home,3080,1108,114,33,19908,0.0,19908.0
T768,2026-01-15,C169,P19,Books,3,1174,10,App,Pune,0,Pune,45-54,M,Website,2025-11-10,13,37718,2025-07-08,0,Product_19,Apparel,895,393,498,181,3522,352.2,3169.8
T769,2026-03-23,C170,P20,Apparel,3,2762,0,Marketplace,Chennai,0,Delhi,55+,M,Marketplace,2025-12-26,8,21951,2026-06-01,0,Product_20,Beauty,133,45,396,138,8286,0.0,8286.0
T770,2026-04-07,C171,P21,Apparel,2,949,0,Marketplace,Jaipur,0,Chennai,25-34,F,Offline,2024-12-10,3,43199,2026-06-16,0,Product_21,Beauty,1363,504,290,52,1898,0.0,1898.0
T771,2026-02-26,C172,P22,Books,2,4709,10,Marketplace,Chennai,0,Delhi,18-24,F,Website,2024-09-12,20,5960,2026-03-19,0,Product_22,Electronics,4371,2010,427,18,9418,941.8,8476.2
T772,2025-04-16,C173,P23,Home,4,2265,10,App,Bangalore,0,Chennai,45-54,F,Offline,2024-08-30,14,2339,2025-11-16,0,Product_23,Grocery,1211,569,460,104,9060,906.0,8154.0
T773,2024-10-20,C174,P24,Books,1,1171,5,App,Delhi,0,Delhi,35-44,F,App,2025-11-21,8,7900,2025-11-15,0,Product_24,Grocery,2140,963,138,140,1171,58.55,1112.45
T774,2024-08-14,C175,P25,Sports,2,2245,0,Marketplace,Chennai,0,Mumbai,45-54,F,App,2024-11-16,10,13671,2025-09-25,0,Product_25,Apparel,2330,1048,250,178,4490,0.0,4490.0
T775,2025-06-14,C176,P26,Home,4,4989,5,Offline,Bangalore,0,Pune,18-24,F,Marketplace,2025-04-29,15,36959,2025-07-10,0,Product_26,Electronics,3743,1908,458,106,19956,997.8,18958.2
T776,2025-06-28,C177,P27,Sports,5,783,5,Marketplace,Kolkata,0,Bangalore,25-34,M,Website,2025-09-01,18,47329,2026-03-15,0,Product_27,Beauty,4124,1237,236,8,3915,195.75,3719.25
T777,2026-02-07,C178,P28,Health,2,3616,10,App,Kolkata,0,Delhi,25-34,M,Website,2025-01-25,6,40663,2025-07-20,0,Product_28,Beauty,1036,559,146,139,7232,723.2,6508.8
T778,2026-01-15,C179,P29,Health,5,2035,10,App,Kolkata,0,Mumbai,18-24,F,Offline,2026-04-18,15,27569,2026-04-23,0,Product_29,Beauty,2307,738,379,136,10175,1017.5,9157.5
T779,2026-05-09,C180,P30,Beauty,4,3072,0,Website,Hyderabad,0,Chennai,45-54,F,Offline,2024-09-08,2,12501,2026-01-30,0,Product_30,Apparel,574,269,402,192,12288,0.0,12288.0
T780,2026-05-07,C181,P31,Apparel,3,2833,0,Marketplace,Chennai,0,Delhi,55+,M,Website,2026-05-20,17,25484,2026-02-19,0,Product_31,Home,4429,1683,374,103,8499,0.0,8499.0
T781,2025-06-08,C182,P32,Grocery,1,4674,0,Marketplace,Hyderabad,0,Delhi,45-54,F,App,2025-05-02,14,27596,2026-05-01,0,Product_32,Electronics,3713,1856,294,49,4674,0.0,4674.0
T782,2024-08-26,C183,P33,Sports,1,638,10,Website,Mumbai,1,Bangalore,35-44,M,Offline,2025-11-04,16,18226,2026-03-18,0,Product_33,Beauty,2533,1266,385,138,638,63.8,574.2
T783,2024-10-10,C184,P34,Home,5,4514,5,Website,Kolkata,0,Bangalore,25-34,M,App,2025-10-21,5,49920,2025-11-27,0,Product_34,Electronics,868,442,195,143,22570,1128.5,21441.5
T784,2025-02-08,C185,P35,Grocery,2,549,0,Marketplace,Chennai,0,Chennai,25-34,F,Website,2026-04-04,15,9625,2025-10-17,0,Product_35,Home,3394,1730,32,16,1098,0.0,1098.0
T785,2025-02-20,C186,P36,Health,5,1417,10,Offline,Bangalore,0,Hyderabad,55+,M,Offline,2024-12-10,17,34470,2026-06-03,0,Product_36,Home,4398,2242,52,28,7085,708.5,6376.5
T786,2026-06-12,C187,P37,Sports,2,2666,5,Website,Jaipur,0,Hyderabad,45-54,M,Website,2025-02-28,17,22346,2025-10-03,0,Product_37,Apparel,1414,692,483,25,5332,266.6,5065.4
T787,2024-07-16,C188,P38,Sports,4,4751,0,Marketplace,Mumbai,0,Chennai,35-44,F,Offline,2026-03-16,11,13341,2026-05-07,0,Product_38,Home,4479,2329,199,148,19004,0.0,19004.0
T788,2026-02-07,C189,P39,Home,3,906,0,Offline,Jaipur,0,Delhi,55+,M,Offline,2025-10-17,4,18839,2025-11-23,0,Product_39,Beauty,1082,324,228,192,2718,0.0,2718.0
T789,2025-01-26,C190,P40,Home,5,1834,10,Offline,Chennai,0,Bangalore,25-34,M,App,2025-08-23,1,3775,2025-09-22,1,Product_40,Electronics,579,237,447,9,9170,917.0,8253.0
T790,2026-04-25,C191,P41,Health,3,1275,0,Offline,Chennai,0,Hyderabad,45-54,F,Marketplace,2025-02-19,17,1535,2025-07-24,0,Product_41,Grocery,2620,943,175,27,3825,0.0,3825.0
T791,2026-01-28,C192,P42,Health,4,3942,0,Marketplace,Hyderabad,0,Hyderabad,45-54,F,Website,2024-10-22,12,16681,2026-02-17,0,Product_42,Beauty,389,151,78,111,15768,0.0,15768.0
T792,2025-01-19,C193,P43,Home,4,4506,5,Marketplace,Kolkata,0,Mumbai,18-24,F,Marketplace,2024-12-11,12,9229,2026-04-19,0,Product_43,Electronics,721,295,146,105,18024,901.2,17122.8
T793,2024-07-10,C194,P44,Sports,4,3352,15,App,Delhi,0,Hyderabad,45-54,F,App,2025-11-19,13,40743,2025-08-17,0,Product_44,Home,4903,1814,314,164,13408,2011.2,11396.8
T794,2024-07-23,C195,P45,Home,2,2015,0,App,Jaipur,0,Bangalore,25-34,M,Website,2025-09-28,9,26103,2026-03-21,0,Product_45,Apparel,4036,1896,285,146,4030,0.0,4030.0
T795,2025-11-12,C196,P46,Apparel,1,2300,15,App,Pune,0,Delhi,55+,F,App,2025-05-25,16,41188,2026-07-07,0,Product_46,Electronics,634,253,372,55,2300,345.0,1955.0
T796,2024-11-24,C197,P47,Apparel,3,1411,5,Website,Bangalore,0,Hyderabad,18-24,M,Website,2026-01-29,5,17607,2026-06-08,0,Product_47,Beauty,1235,580,183,144,4233,211.65,4021.35
T797,2025-09-01,C198,P48,Beauty,3,2146,5,App,Jaipur,0,Delhi,35-44,F,Website,2024-08-09,18,7550,2025-12-26,0,Product_48,Home,1309,641,400,114,6438,321.9,6116.1
T798,2025-05-05,C199,P49,Health,5,3482,10,Marketplace,Hyderabad,0,Mumbai,45-54,M,App,2026-01-03,20,32471,2026-03-06,0,Product_49,Grocery,1320,673,99,51,17410,1741.0,15669.0
T799,2025-07-10,C200,P50,Beauty,1,2400,0,Website,Chennai,0,Mumbai,55+,M,Website,2025-09-25,17,45177,2025-07-12,0,Product_50,Electronics,2448,954,197,103,2400,0.0,2400.0
T800,2025-08-20,C1,P1,Electronics,3,4106,0,Marketplace,Kolkata,0,Delhi,18-24,F,Marketplace,2025-11-08,19,33219,2026-04-27,0,Product_1,Beauty,4921,2017,383,112,12318,0.0,12318.0
T801,2025-08-23,C2,P2,Books,4,3350,0,Website,Bangalore,0,Mumbai,18-24,M,App,2025-03-19,4,7139,2025-11-11,0,Product_2,Home,3191,957,234,143,13400,0.0,13400.0
T802,2026-01-25,C3,P3,Books,1,2016,5,Offline,Pune,0,Hyderabad,18-24,F,Marketplace,2025-04-03,3,10843,2025-12-22,0,Product_3,Electronics,2561,768,121,24,2016,100.8,1915.2
T803,2025-02-07,C4,P4,Health,3,1689,0,Website,Kolkata,0,Pune,45-54,M,Marketplace,2024-09-13,17,44332,2026-06-01,0,Product_4,Apparel,3242,1069,490,184,5067,0.0,5067.0
T804,2025-12-15,C5,P5,Health,3,1423,10,App,Jaipur,0,Pune,45-54,F,Offline,2024-11-27,7,36395,2026-04-11,0,Product_5,Apparel,1119,369,388,27,4269,426.9,3842.1
T805,2026-05-21,C6,P6,Books,3,4572,10,Marketplace,Jaipur,0,Delhi,35-44,M,Website,2025-10-13,15,25969,2025-10-23,0,Product_6,Electronics,1835,550,8,167,13716,1371.6,12344.4
T806,2024-11-02,C7,P7,Electronics,5,3844,0,Offline,Pune,0,Bangalore,45-54,F,Marketplace,2025-07-16,13,39958,2025-07-28,0,Product_7,Home,2808,1207,162,199,19220,0.0,19220.0
T807,2025-01-18,C8,P8,Home,5,654,15,Marketplace,Hyderabad,0,Delhi,18-24,M,Website,2025-09-16,15,17133,2025-07-24,0,Product_8,Electronics,1667,800,408,173,3270,490.5,2779.5
T808,2026-02-21,C9,P9,Apparel,1,4940,0,Offline,Mumbai,0,Bangalore,55+,F,Website,2025-10-27,16,16310,2025-10-29,0,Product_9,Apparel,2580,851,138,188,4940,0.0,4940.0
T809,2024-08-15,C10,P10,Sports,4,1966,5,Offline,Bangalore,0,Chennai,45-54,F,App,2025-12-26,3,35834,2025-10-20,0,Product_10,Grocery,1054,527,352,102,7864,393.2,7470.8
T810,2026-05-19,C11,P11,Sports,2,3372,0,Offline,Hyderabad,0,Hyderabad,35-44,F,Offline,2026-04-27,16,48219,2026-04-21,0,Product_11,Electronics,1011,434,302,11,6744,0.0,6744.0
T811,2025-10-11,C12,P12,Home,3,3631,0,Marketplace,Chennai,0,Mumbai,25-34,M,App,2025-03-24,11,31189,2026-02-01,0,Product_12,Apparel,562,174,454,142,10893,0.0,10893.0
T812,2024-11-08,C13,P13,Home,4,3402,5,Website,Pune,0,Chennai,18-24,M,App,2024-09-20,4,7985,2026-01-29,0,Product_13,Electronics,4992,1497,127,97,13608,680.4,12927.6
T813,2026-03-06,C14,P14,Sports,3,1673,10,Offline,Bangalore,0,Chennai,18-24,F,Marketplace,2026-04-27,17,22041,2026-03-31,0,Product_14,Grocery,4389,1931,289,11,5019,501.9,4517.1
T814,2025-09-25,C15,P15,Electronics,2,2580,10,Marketplace,Jaipur,0,Pune,45-54,F,App,2024-12-16,7,31378,2025-08-23,0,Product_15,Grocery,853,281,446,190,5160,516.0,4644.0
T815,2024-10-26,C16,P16,Apparel,5,682,0,Website,Jaipur,0,Pune,45-54,F,Marketplace,2026-04-30,1,30102,2025-09-23,1,Product_16,Grocery,2315,1088,256,76,3410,0.0,3410.0
T816,2026-02-19,C17,P17,Beauty,3,1583,0,Offline,Jaipur,0,Delhi,35-44,F,Website,2025-09-05,7,12781,2026-02-16,0,Product_17,Electronics,236,82,167,134,4749,0.0,4749.0
T817,2025-03-17,C18,P18,Books,3,3903,0,Offline,Bangalore,0,Mumbai,55+,F,App,2025-06-21,14,30669,2025-07-22,0,Product_18,Home,3080,1108,114,33,11709,0.0,11709.0
T818,2025-06-25,C19,P19,Beauty,5,3028,5,App,Bangalore,1,Hyderabad,45-54,M,Website,2024-11-26,15,45028,2026-07-03,0,Product_19,Apparel,895,393,498,181,15140,757.0,14383.0
T819,2024-09-11,C20,P20,Apparel,5,3808,0,Marketplace,Pune,0,Bangalore,55+,F,Website,2025-10-28,3,13847,2026-03-13,0,Product_20,Beauty,133,45,396,138,19040,0.0,19040.0
T820,2026-06-11,C21,P21,Health,2,2468,0,Website,Pune,0,Mumbai,45-54,F,App,2025-12-19,16,36885,2025-09-03,0,Product_21,Beauty,1363,504,290,52,4936,0.0,4936.0
T821,2026-06-03,C22,P22,Books,2,2091,0,App,Bangalore,0,Hyderabad,35-44,F,Website,2024-07-17,14,12005,2026-05-11,0,Product_22,Electronics,4371,2010,427,18,4182,0.0,4182.0
T822,2025-02-01,C23,P23,Sports,4,2061,0,Offline,Bangalore,0,Chennai,35-44,F,App,2025-11-10,12,19980,2025-10-18,0,Product_23,Grocery,1211,569,460,104,8244,0.0,8244.0
T823,2024-10-15,C24,P24,Apparel,2,3745,15,Website,Delhi,0,Pune,18-24,F,Website,2025-07-13,13,24297,2026-02-25,0,Product_24,Grocery,2140,963,138,140,7490,1123.5,6366.5
T824,2024-12-23,C25,P25,Sports,5,962,0,Website,Mumbai,0,Pune,25-34,M,App,2025-01-07,12,7769,2026-05-15,0,Product_25,Apparel,2330,1048,250,178,4810,0.0,4810.0
T825,2026-01-12,C26,P26,Home,4,3758,0,Offline,Hyderabad,0,Pune,55+,F,App,2026-03-25,13,17111,2025-08-09,0,Product_26,Electronics,3743,1908,458,106,15032,0.0,15032.0
T826,2026-02-23,C27,P27,Electronics,2,3025,15,Offline,Bangalore,0,Pune,18-24,F,Offline,2025-10-31,14,40325,2025-09-12,0,Product_27,Beauty,4124,1237,236,8,6050,907.5,5142.5
T827,2025-02-24,C28,P28,Beauty,2,781,15,Website,Kolkata,0,Delhi,45-54,F,Offline,2025-10-13,3,48993,2026-06-10,0,Product_28,Beauty,1036,559,146,139,1562,234.3,1327.7
T828,2025-11-19,C29,P29,Electronics,3,4922,15,Website,Delhi,0,Delhi,25-34,F,Website,2024-11-13,11,888,2026-03-12,0,Product_29,Beauty,2307,738,379,136,14766,2214.9,12551.1
T829,2024-10-07,C30,P30,Apparel,4,1628,0,Offline,Jaipur,0,Delhi,55+,M,Website,2026-04-03,11,18096,2026-02-23,0,Product_30,Apparel,574,269,402,192,6512,0.0,6512.0
T830,2025-09-10,C31,P31,Sports,1,3081,15,App,Mumbai,0,Mumbai,45-54,F,Offline,2025-09-30,19,8069,2026-04-16,0,Product_31,Home,4429,1683,374,103,3081,462.15,2618.85
T831,2024-12-26,C32,P32,Home,3,949,0,Offline,Kolkata,0,Bangalore,25-34,F,Marketplace,2024-07-22,16,12293,2025-07-13,0,Product_32,Electronics,3713,1856,294,49,2847,0.0,2847.0
T832,2026-01-07,C33,P33,Health,3,984,0,App,Kolkata,0,Pune,18-24,F,Marketplace,2026-05-13,7,5600,2026-05-14,0,Product_33,Beauty,2533,1266,385,138,2952,0.0,2952.0
T833,2025-01-15,C34,P34,Electronics,4,4498,15,Website,Jaipur,0,Mumbai,55+,F,App,2024-09-08,18,49538,2026-03-03,0,Product_34,Electronics,868,442,195,143,17992,2698.8,15293.2
T834,2025-01-19,C35,P35,Home,5,3212,0,Offline,Jaipur,0,Delhi,45-54,F,Website,2025-02-20,2,42758,2025-11-21,0,Product_35,Home,3394,1730,32,16,16060,0.0,16060.0
T835,2025-09-20,C36,P36,Apparel,4,3616,0,Website,Bangalore,0,Hyderabad,45-54,F,Offline,2025-05-04,2,27177,2025-08-03,0,Product_36,Home,4398,2242,52,28,14464,0.0,14464.0
T836,2026-03-13,C37,P37,Electronics,5,790,0,Marketplace,Chennai,1,Chennai,45-54,F,App,2024-08-22,5,6787,2026-06-29,0,Product_37,Apparel,1414,692,483,25,3950,0.0,3950.0
T837,2025-03-28,C38,P38,Books,3,4222,15,Website,Chennai,0,Mumbai,18-24,M,Offline,2024-12-15,9,3113,2025-08-20,0,Product_38,Home,4479,2329,199,148,12666,1899.9,10766.1
T838,2026-05-26,C39,P39,Apparel,3,3177,0,Website,Pune,0,Delhi,25-34,F,App,2026-05-08,18,31740,2025-08-14,0,Product_39,Beauty,1082,324,228,192,9531,0.0,9531.0
T839,2025-03-15,C40,P40,Health,4,1055,10,Offline,Bangalore,0,Bangalore,45-54,F,Offline,2025-08-30,4,13150,2025-11-04,0,Product_40,Electronics,579,237,447,9,4220,422.0,3798.0
T840,2024-11-28,C41,P41,Beauty,2,1455,0,Offline,Bangalore,0,Pune,45-54,M,Website,2025-07-18,5,34432,2025-11-17,0,Product_41,Grocery,2620,943,175,27,2910,0.0,2910.0
T841,2025-04-22,C42,P42,Apparel,1,1448,0,App,Bangalore,0,Hyderabad,25-34,F,Offline,2024-10-17,12,43780,2026-05-19,0,Product_42,Beauty,389,151,78,111,1448,0.0,1448.0
T842,2025-02-01,C43,P43,Home,2,3775,0,Marketplace,Kolkata,0,Hyderabad,18-24,M,Marketplace,2024-10-27,14,49389,2026-04-05,0,Product_43,Electronics,721,295,146,105,7550,0.0,7550.0
T843,2024-11-14,C44,P44,Sports,5,2928,10,Offline,Mumbai,0,Chennai,55+,F,App,2024-07-30,1,32271,2025-10-13,0,Product_44,Home,4903,1814,314,164,14640,1464.0,13176.0
T844,2025-02-08,C45,P45,Beauty,3,3626,15,Offline,Delhi,0,Chennai,35-44,F,Offline,2026-04-21,3,14570,2026-06-14,0,Product_45,Apparel,4036,1896,285,146,10878,1631.7,9246.3
T845,2025-04-01,C46,P46,Beauty,5,4479,15,Marketplace,Pune,0,Pune,18-24,M,Marketplace,2024-12-13,8,37125,2025-08-28,0,Product_46,Electronics,634,253,372,55,22395,3359.25,19035.75
T846,2026-02-06,C47,P47,Books,4,4203,10,Website,Pune,0,Mumbai,45-54,M,Marketplace,2026-04-15,7,19656,2026-04-25,0,Product_47,Beauty,1235,580,183,144,16812,1681.2,15130.8
T847,2025-01-02,C48,P48,Grocery,2,4726,10,Offline,Hyderabad,1,Mumbai,18-24,F,Website,2025-02-23,13,41095,2026-03-17,0,Product_48,Home,1309,641,400,114,9452,945.2,8506.8
T848,2024-12-28,C49,P49,Sports,3,4931,10,Marketplace,Jaipur,0,Chennai,18-24,M,Marketplace,2025-10-10,6,33287,2026-06-08,0,Product_49,Grocery,1320,673,99,51,14793,1479.3,13313.7
T849,2026-04-14,C50,P50,Sports,1,4556,15,Website,Bangalore,0,Pune,18-24,M,App,2025-04-09,10,6621,2026-03-24,0,Product_50,Electronics,2448,954,197,103,4556,683.4,3872.6
T850,2026-06-20,C51,P1,Books,1,2289,0,Website,Mumbai,0,Bangalore,18-24,M,Offline,2025-06-09,15,44027,2025-08-03,0,Product_1,Beauty,4921,2017,383,112,2289,0.0,2289.0
T851,2025-11-18,C52,P2,Apparel,2,3019,0,Website,Bangalore,0,Hyderabad,45-54,F,Offline,2025-12-28,20,8043,2025-10-18,0,Product_2,Home,3191,957,234,143,6038,0.0,6038.0
T852,2025-08-11,C53,P3,Health,1,2670,15,Marketplace,Bangalore,0,Bangalore,55+,F,Offline,2024-12-24,1,20361,2026-05-15,1,Product_3,Electronics,2561,768,121,24,2670,400.5,2269.5
T853,2025-11-23,C54,P4,Sports,4,1839,15,Website,Pune,0,Chennai,35-44,M,Website,2025-06-16,17,34194,2025-11-24,0,Product_4,Apparel,3242,1069,490,184,7356,1103.4,6252.6
T854,2025-12-09,C55,P5,Grocery,2,1577,5,App,Pune,0,Bangalore,18-24,F,Website,2024-10-09,20,38944,2026-06-15,0,Product_5,Apparel,1119,369,388,27,3154,157.7,2996.3
T855,2024-10-26,C56,P6,Books,5,2929,15,Website,Delhi,0,Hyderabad,55+,M,Website,2024-10-31,12,10093,2025-10-18,0,Product_6,Electronics,1835,550,8,167,14645,2196.75,12448.25
T856,2024-07-26,C57,P7,Books,1,3973,0,Offline,Jaipur,1,Chennai,25-34,F,Website,2026-03-25,13,1032,2025-10-24,0,Product_7,Home,2808,1207,162,199,3973,0.0,3973.0
T857,2024-09-11,C58,P8,Beauty,3,4723,0,Marketplace,Bangalore,0,Pune,35-44,M,App,2025-06-21,5,36384,2026-05-25,0,Product_8,Electronics,1667,800,408,173,14169,0.0,14169.0
T858,2026-02-08,C59,P9,Beauty,3,2411,0,Offline,Kolkata,0,Delhi,55+,M,Marketplace,2025-09-05,8,13788,2026-01-15,0,Product_9,Apparel,2580,851,138,188,7233,0.0,7233.0
T859,2025-07-09,C60,P10,Apparel,1,2206,0,Marketplace,Bangalore,0,Hyderabad,55+,F,Marketplace,2026-03-23,17,18202,2026-05-24,0,Product_10,Grocery,1054,527,352,102,2206,0.0,2206.0
T860,2024-10-05,C61,P11,Books,5,4962,0,Marketplace,Kolkata,0,Hyderabad,35-44,M,Marketplace,2025-10-04,2,10659,2026-04-03,0,Product_11,Electronics,1011,434,302,11,24810,0.0,24810.0
T861,2026-05-10,C62,P12,Electronics,5,3332,0,Offline,Kolkata,0,Bangalore,55+,M,App,2025-11-26,12,48224,2026-05-21,0,Product_12,Apparel,562,174,454,142,16660,0.0,16660.0
T862,2026-02-17,C63,P13,Home,2,1179,10,Website,Jaipur,0,Delhi,25-34,M,Website,2025-11-12,15,7624,2026-01-06,0,Product_13,Electronics,4992,1497,127,97,2358,235.8,2122.2
T863,2024-12-28,C64,P14,Health,3,3492,0,Marketplace,Jaipur,0,Pune,25-34,M,Website,2024-08-20,13,41258,2025-07-25,0,Product_14,Grocery,4389,1931,289,11,10476,0.0,10476.0
T864,2025-12-04,C65,P15,Grocery,4,3002,0,App,Mumbai,0,Mumbai,45-54,F,App,2025-01-24,7,38340,2025-11-15,0,Product_15,Grocery,853,281,446,190,12008,0.0,12008.0
T865,2024-07-12,C66,P16,Beauty,3,4841,15,Website,Mumbai,1,Chennai,45-54,F,App,2025-07-24,19,44202,2026-01-16,0,Product_16,Grocery,2315,1088,256,76,14523,2178.45,12344.55
T866,2025-07-05,C67,P17,Grocery,4,1333,10,Website,Pune,1,Bangalore,55+,F,Website,2025-03-10,2,1265,2025-09-06,0,Product_17,Electronics,236,82,167,134,5332,533.2,4798.8
T867,2026-03-26,C68,P18,Books,1,2472,0,Website,Delhi,0,Chennai,18-24,F,Website,2025-01-30,14,26312,2025-11-17,0,Product_18,Home,3080,1108,114,33,2472,0.0,2472.0
T868,2026-03-19,C69,P19,Books,3,3963,15,App,Kolkata,0,Delhi,45-54,F,App,2024-07-30,10,19454,2025-08-31,0,Product_19,Apparel,895,393,498,181,11889,1783.35,10105.65
T869,2026-06-01,C70,P20,Sports,4,1712,0,Offline,Kolkata,0,Delhi,25-34,M,Website,2025-07-31,18,37057,2026-05-11,0,Product_20,Beauty,133,45,396,138,6848,0.0,6848.0
T870,2025-01-19,C71,P21,Home,1,3003,10,Offline,Delhi,0,Chennai,35-44,F,Offline,2026-05-29,20,20314,2025-12-27,0,Product_21,Beauty,1363,504,290,52,3003,300.3,2702.7
T871,2026-02-05,C72,P22,Apparel,4,4384,5,Website,Kolkata,0,Hyderabad,35-44,F,Offline,2025-04-15,13,27112,2025-09-05,0,Product_22,Electronics,4371,2010,427,18,17536,876.8,16659.2
T872,2026-01-06,C73,P23,Apparel,4,3663,15,App,Bangalore,0,Delhi,35-44,M,Website,2025-06-24,19,3312,2025-10-25,0,Product_23,Grocery,1211,569,460,104,14652,2197.8,12454.2
T873,2024-09-02,C74,P24,Beauty,5,2105,5,App,Chennai,0,Chennai,25-34,F,Offline,2024-09-09,17,36684,2025-10-14,0,Product_24,Grocery,2140,963,138,140,10525,526.25,9998.75
T874,2024-08-09,C75,P25,Beauty,4,3741,0,Website,Bangalore,0,Chennai,18-24,F,Offline,2025-04-30,17,42909,2026-06-24,0,Product_25,Apparel,2330,1048,250,178,14964,0.0,14964.0
T875,2025-09-21,C76,P26,Grocery,4,2623,0,Website,Hyderabad,0,Mumbai,18-24,F,Marketplace,2024-08-08,14,16342,2025-09-24,0,Product_26,Electronics,3743,1908,458,106,10492,0.0,10492.0
T876,2025-12-09,C77,P27,Health,2,1546,10,Website,Chennai,0,Mumbai,25-34,M,Marketplace,2026-05-06,20,1220,2025-11-19,0,Product_27,Beauty,4124,1237,236,8,3092,309.2,2782.8
T877,2025-11-26,C78,P28,Home,3,4258,10,Marketplace,Hyderabad,0,Pune,45-54,F,Offline,2024-11-16,1,32592,2025-09-09,1,Product_28,Beauty,1036,559,146,139,12774,1277.4,11496.6
T878,2024-09-24,C79,P29,Health,2,3158,0,App,Bangalore,0,Delhi,18-24,F,Website,2024-11-01,7,41480,2026-04-27,0,Product_29,Beauty,2307,738,379,136,6316,0.0,6316.0
T879,2024-11-22,C80,P30,Sports,4,4536,0,Offline,Chennai,0,Chennai,55+,F,Marketplace,2025-10-08,17,573,2026-05-21,0,Product_30,Apparel,574,269,402,192,18144,0.0,18144.0
T880,2025-04-08,C81,P31,Apparel,1,4423,5,App,Bangalore,0,Mumbai,55+,M,App,2025-07-10,13,10780,2026-06-25,0,Product_31,Home,4429,1683,374,103,4423,221.15,4201.85
T881,2024-07-15,C82,P32,Home,4,4396,0,Website,Kolkata,0,Mumbai,45-54,F,App,2026-04-21,4,45545,2025-08-10,0,Product_32,Electronics,3713,1856,294,49,17584,0.0,17584.0
T882,2025-03-20,C83,P33,Beauty,4,4956,15,Website,Delhi,0,Pune,55+,F,App,2024-12-13,12,11185,2025-08-19,0,Product_33,Beauty,2533,1266,385,138,19824,2973.6,16850.4
T883,2026-03-20,C84,P34,Grocery,3,669,5,App,Bangalore,1,Hyderabad,25-34,M,Marketplace,2024-10-08,5,27263,2026-03-03,0,Product_34,Electronics,868,442,195,143,2007,100.35,1906.65
T884,2025-01-03,C85,P35,Health,2,3326,0,App,Chennai,0,Hyderabad,35-44,M,Marketplace,2024-12-07,3,15527,2025-12-18,0,Product_35,Home,3394,1730,32,16,6652,0.0,6652.0
T885,2025-10-20,C86,P36,Electronics,2,1443,0,Marketplace,Jaipur,0,Pune,35-44,F,Offline,2026-04-28,11,13497,2026-01-31,0,Product_36,Home,4398,2242,52,28,2886,0.0,2886.0
T886,2024-07-04,C87,P37,Electronics,5,4154,0,Website,Kolkata,0,Hyderabad,45-54,F,Marketplace,2025-04-26,8,17987,2026-01-16,0,Product_37,Apparel,1414,692,483,25,20770,0.0,20770.0
T887,2026-02-18,C88,P38,Sports,4,4111,0,Website,Jaipur,0,Bangalore,45-54,F,Marketplace,2025-07-23,8,44740,2026-05-21,0,Product_38,Home,4479,2329,199,148,16444,0.0,16444.0
T888,2025-08-26,C89,P39,Grocery,4,3771,0,Marketplace,Pune,0,Pune,55+,M,App,2024-09-08,19,26368,2025-11-12,0,Product_39,Beauty,1082,324,228,192,15084,0.0,15084.0
T889,2025-05-07,C90,P40,Electronics,5,3303,15,App,Pune,0,Hyderabad,25-34,M,App,2025-02-19,5,43344,2025-08-20,0,Product_40,Electronics,579,237,447,9,16515,2477.25,14037.75
T890,2024-11-08,C91,P41,Sports,1,4092,0,Marketplace,Delhi,0,Chennai,55+,F,Marketplace,2025-06-19,3,13895,2025-11-14,0,Product_41,Grocery,2620,943,175,27,4092,0.0,4092.0
T891,2024-12-07,C92,P42,Electronics,5,3123,15,Offline,Mumbai,1,Mumbai,45-54,M,App,2025-01-12,3,31873,2025-08-08,0,Product_42,Beauty,389,151,78,111,15615,2342.25,13272.75
T892,2025-08-04,C93,P43,Books,3,4817,0,Website,Pune,0,Bangalore,45-54,M,Website,2025-04-16,8,979,2025-07-21,0,Product_43,Electronics,721,295,146,105,14451,0.0,14451.0
T893,2025-08-22,C94,P44,Sports,4,3344,5,Offline,Jaipur,0,Chennai,18-24,M,Marketplace,2024-09-29,13,18911,2025-10-08,0,Product_44,Home,4903,1814,314,164,13376,668.8,12707.2
T894,2024-07-15,C95,P45,Beauty,2,987,5,Offline,Jaipur,0,Mumbai,55+,M,Marketplace,2025-01-14,8,19703,2026-05-19,0,Product_45,Apparel,4036,1896,285,146,1974,98.7,1875.3
T895,2025-03-04,C96,P46,Apparel,1,4596,5,Website,Pune,0,Bangalore,55+,M,Marketplace,2025-02-03,5,9229,2025-08-13,0,Product_46,Electronics,634,253,372,55,4596,229.8,4366.2
T896,2026-05-22,C97,P47,Beauty,3,776,5,Offline,Pune,0,Mumbai,55+,M,App,2024-10-12,19,17990,2025-11-04,0,Product_47,Beauty,1235,580,183,144,2328,116.4,2211.6
T897,2025-04-05,C98,P48,Home,3,2310,10,App,Delhi,0,Pune,18-24,M,Website,2026-01-22,10,7710,2025-09-25,0,Product_48,Home,1309,641,400,114,6930,693.0,6237.0
T898,2024-08-14,C99,P49,Grocery,4,1652,10,Marketplace,Pune,1,Delhi,55+,F,Offline,2026-01-17,1,15233,2025-11-10,1,Product_49,Grocery,1320,673,99,51,6608,660.8,5947.2
T899,2025-05-19,C100,P50,Sports,5,2612,10,Offline,Mumbai,0,Bangalore,35-44,F,App,2024-08-26,19,5153,2025-08-08,0,Product_50,Electronics,2448,954,197,103,13060,1306.0,11754.0
T900,2024-08-08,C101,P1,Health,1,4765,5,Offline,Chennai,1,Delhi,55+,M,Website,2026-02-06,19,10568,2025-12-27,0,Product_1,Beauty,4921,2017,383,112,4765,238.25,4526.75
T901,2024-11-03,C102,P2,Beauty,2,4933,0,App,Pune,0,Delhi,45-54,F,Marketplace,2026-03-17,8,20359,2025-10-12,0,Product_2,Home,3191,957,234,143,9866,0.0,9866.0
T902,2026-05-18,C103,P3,Grocery,5,2023,0,Marketplace,Hyderabad,0,Chennai,35-44,F,Offline,2026-05-20,15,19141,2026-04-26,0,Product_3,Electronics,2561,768,121,24,10115,0.0,10115.0
T903,2024-10-20,C104,P4,Apparel,3,1632,10,Website,Jaipur,0,Hyderabad,55+,F,Offline,2025-11-09,6,38307,2026-05-16,0,Product_4,Apparel,3242,1069,490,184,4896,489.6,4406.4
T904,2024-08-08,C105,P5,Electronics,5,2984,0,App,Kolkata,0,Mumbai,55+,F,Marketplace,2024-12-28,18,5263,2025-12-22,0,Product_5,Apparel,1119,369,388,27,14920,0.0,14920.0
T905,2024-09-03,C106,P6,Sports,3,1592,0,Website,Bangalore,1,Pune,45-54,F,Marketplace,2025-09-02,14,48843,2026-03-14,0,Product_6,Electronics,1835,550,8,167,4776,0.0,4776.0
T906,2024-12-26,C107,P7,Apparel,3,2796,0,Website,Chennai,0,Hyderabad,55+,M,Website,2025-04-17,13,37631,2025-09-19,0,Product_7,Home,2808,1207,162,199,8388,0.0,8388.0
T907,2025-08-04,C108,P8,Apparel,4,4286,5,Offline,Mumbai,0,Mumbai,35-44,M,Marketplace,2026-05-30,20,28960,2025-07-11,0,Product_8,Electronics,1667,800,408,173,17144,857.2,16286.8
T908,2025-03-21,C109,P9,Health,3,2146,0,App,Pune,0,Hyderabad,25-34,M,Website,2025-08-24,17,35130,2025-09-18,0,Product_9,Apparel,2580,851,138,188,6438,0.0,6438.0
T909,2025-10-21,C110,P10,Books,4,968,15,App,Bangalore,0,Bangalore,45-54,F,Offline,2026-05-04,3,47650,2025-09-09,0,Product_10,Grocery,1054,527,352,102,3872,580.8,3291.2
T910,2026-06-14,C111,P11,Health,1,919,15,Offline,Kolkata,0,Pune,18-24,M,Marketplace,2025-02-15,3,42575,2026-06-25,0,Product_11,Electronics,1011,434,302,11,919,137.85,781.15
T911,2025-06-26,C112,P12,Apparel,4,2976,0,Website,Kolkata,0,Hyderabad,55+,M,Offline,2025-02-09,2,29370,2025-09-06,0,Product_12,Apparel,562,174,454,142,11904,0.0,11904.0
T912,2025-01-24,C113,P13,Home,2,3387,5,Offline,Kolkata,0,Hyderabad,45-54,M,Offline,2024-09-17,19,27915,2025-08-24,0,Product_13,Electronics,4992,1497,127,97,6774,338.7,6435.3
T913,2026-01-02,C114,P14,Grocery,4,1013,15,Marketplace,Jaipur,0,Bangalore,25-34,F,App,2025-12-28,20,41949,2025-10-14,0,Product_14,Grocery,4389,1931,289,11,4052,607.8,3444.2
T914,2024-11-20,C115,P15,Electronics,5,1584,5,Marketplace,Mumbai,0,Bangalore,55+,F,Website,2025-01-16,17,3538,2026-02-16,0,Product_15,Grocery,853,281,446,190,7920,396.0,7524.0
T915,2025-08-25,C116,P16,Home,5,1550,15,Offline,Mumbai,0,Pune,25-34,F,Website,2025-06-12,17,22192,2026-03-03,0,Product_16,Grocery,2315,1088,256,76,7750,1162.5,6587.5
T916,2026-04-24,C117,P17,Books,3,4583,0,Website,Chennai,0,Chennai,45-54,M,Offline,2024-11-29,5,17376,2025-07-12,0,Product_17,Electronics,236,82,167,134,13749,0.0,13749.0
T917,2025-10-17,C118,P18,Electronics,3,3860,5,Marketplace,Pune,0,Hyderabad,35-44,M,App,2025-02-17,18,43454,2026-07-01,0,Product_18,Home,3080,1108,114,33,11580,579.0,11001.0
T918,2026-02-26,C119,P19,Books,4,2413,0,Marketplace,Bangalore,0,Delhi,18-24,F,Offline,2025-08-31,11,33469,2025-08-11,0,Product_19,Apparel,895,393,498,181,9652,0.0,9652.0
T919,2024-09-13,C120,P20,Electronics,4,2896,0,Website,Jaipur,0,Mumbai,18-24,M,Marketplace,2025-12-11,8,35512,2026-06-02,0,Product_20,Beauty,133,45,396,138,11584,0.0,11584.0
T920,2026-04-06,C121,P21,Electronics,3,1756,0,App,Chennai,1,Pune,45-54,M,App,2024-07-30,20,46108,2025-07-28,0,Product_21,Beauty,1363,504,290,52,5268,0.0,5268.0
T921,2025-01-10,C122,P22,Health,1,4463,10,Marketplace,Chennai,0,Hyderabad,55+,F,App,2025-06-23,17,23201,2026-02-24,0,Product_22,Electronics,4371,2010,427,18,4463,446.3,4016.7
T922,2024-10-22,C123,P23,Sports,5,1620,0,App,Kolkata,0,Pune,45-54,M,Website,2024-07-14,20,48091,2025-07-21,0,Product_23,Grocery,1211,569,460,104,8100,0.0,8100.0
T923,2026-01-18,C124,P24,Grocery,4,1907,0,App,Bangalore,0,Pune,55+,M,App,2024-11-28,14,44665,2025-07-29,0,Product_24,Grocery,2140,963,138,140,7628,0.0,7628.0
T924,2024-10-23,C125,P25,Books,5,4767,10,Offline,Kolkata,1,Mumbai,55+,M,App,2025-12-04,18,32732,2026-01-27,0,Product_25,Apparel,2330,1048,250,178,23835,2383.5,21451.5
T925,2025-05-04,C126,P26,Beauty,1,4657,0,Website,Jaipur,0,Mumbai,25-34,M,Offline,2025-09-15,11,35888,2025-09-21,0,Product_26,Electronics,3743,1908,458,106,4657,0.0,4657.0
T926,2026-05-22,C127,P27,Home,2,3689,15,App,Hyderabad,0,Mumbai,18-24,F,App,2026-04-12,3,9557,2026-02-17,0,Product_27,Beauty,4124,1237,236,8,7378,1106.7,6271.3
T927,2025-01-21,C128,P28,Electronics,2,4702,0,App,Jaipur,0,Mumbai,45-54,M,Website,2026-03-30,20,7834,2026-02-16,0,Product_28,Beauty,1036,559,146,139,9404,0.0,9404.0
T928,2024-12-04,C129,P29,Beauty,4,3536,5,Offline,Bangalore,0,Bangalore,45-54,F,Website,2025-05-21,10,20872,2026-03-11,0,Product_29,Beauty,2307,738,379,136,14144,707.2,13436.8
T929,2025-08-11,C130,P30,Apparel,4,2042,10,App,Hyderabad,0,Pune,25-34,F,Offline,2025-10-19,18,18947,2026-04-11,0,Product_30,Apparel,574,269,402,192,8168,816.8,7351.2
T930,2024-08-01,C131,P31,Electronics,2,4327,0,Offline,Bangalore,0,Mumbai,35-44,M,App,2024-12-20,8,8706,2025-12-04,0,Product_31,Home,4429,1683,374,103,8654,0.0,8654.0
T931,2025-05-28,C132,P32,Beauty,5,914,15,Offline,Delhi,0,Delhi,55+,F,Website,2025-01-02,5,20911,2026-05-16,0,Product_32,Electronics,3713,1856,294,49,4570,685.5,3884.5
T932,2024-10-05,C133,P33,Grocery,5,2590,15,App,Chennai,0,Pune,18-24,F,Website,2025-12-04,19,4285,2025-10-13,0,Product_33,Beauty,2533,1266,385,138,12950,1942.5,11007.5
T933,2025-07-27,C134,P34,Sports,5,3674,0,Website,Delhi,0,Chennai,35-44,M,Website,2025-03-30,16,22761,2026-01-17,0,Product_34,Electronics,868,442,195,143,18370,0.0,18370.0
T934,2025-09-01,C135,P35,Sports,2,4022,10,Offline,Delhi,0,Bangalore,35-44,M,Website,2025-12-30,13,25142,2025-08-22,0,Product_35,Home,3394,1730,32,16,8044,804.4,7239.6
T935,2025-04-18,C136,P36,Health,3,1425,0,App,Pune,0,Chennai,25-34,F,Marketplace,2026-05-16,4,40281,2025-09-30,0,Product_36,Home,4398,2242,52,28,4275,0.0,4275.0
T936,2025-11-24,C137,P37,Health,3,2278,0,App,Delhi,0,Delhi,45-54,F,Marketplace,2026-02-24,13,16464,2026-04-18,0,Product_37,Apparel,1414,692,483,25,6834,0.0,6834.0
T937,2025-01-19,C138,P38,Books,1,1017,0,App,Bangalore,0,Pune,45-54,M,Offline,2024-07-24,9,4056,2026-03-01,0,Product_38,Home,4479,2329,199,148,1017,0.0,1017.0
T938,2025-12-15,C139,P39,Beauty,1,4931,5,Offline,Chennai,0,Hyderabad,25-34,F,Offline,2025-09-21,19,14278,2026-06-27,0,Product_39,Beauty,1082,324,228,192,4931,246.55,4684.45
T939,2025-04-16,C140,P40,Apparel,5,1537,15,App,Delhi,0,Mumbai,55+,M,Marketplace,2025-02-28,14,29222,2026-04-29,0,Product_40,Electronics,579,237,447,9,7685,1152.75,6532.25
T940,2026-05-20,C141,P41,Grocery,3,4807,10,Offline,Hyderabad,0,Chennai,55+,F,App,2025-12-08,12,35950,2025-10-26,0,Product_41,Grocery,2620,943,175,27,14421,1442.1,12978.9
T941,2025-12-06,C142,P42,Books,2,3741,0,Marketplace,Pune,0,Hyderabad,35-44,F,App,2024-08-14,12,15357,2025-11-01,0,Product_42,Beauty,389,151,78,111,7482,0.0,7482.0
T942,2024-11-24,C143,P43,Health,2,1551,0,Marketplace,Chennai,0,Mumbai,25-34,M,Marketplace,2025-02-18,14,3898,2025-11-19,0,Product_43,Electronics,721,295,146,105,3102,0.0,3102.0
T943,2024-07-04,C144,P44,Books,1,1605,5,Marketplace,Jaipur,0,Bangalore,55+,F,Offline,2025-07-04,11,42058,2025-07-25,0,Product_44,Home,4903,1814,314,164,1605,80.25,1524.75
T944,2025-04-23,C145,P45,Electronics,2,506,0,Marketplace,Jaipur,0,Pune,35-44,F,App,2024-11-22,1,49526,2026-04-06,1,Product_45,Apparel,4036,1896,285,146,1012,0.0,1012.0
T945,2024-10-03,C146,P46,Grocery,2,3522,0,Website,Pune,0,Hyderabad,25-34,F,Website,2025-01-03,11,8217,2025-07-20,0,Product_46,Electronics,634,253,372,55,7044,0.0,7044.0
T946,2024-07-28,C147,P47,Books,5,3223,5,Offline,Hyderabad,0,Pune,35-44,M,Website,2026-05-16,7,10878,2026-06-06,0,Product_47,Beauty,1235,580,183,144,16115,805.75,15309.25
T947,2025-10-22,C148,P48,Books,3,4931,0,App,Chennai,0,Pune,35-44,M,Offline,2025-05-18,13,42915,2026-04-09,0,Product_48,Home,1309,641,400,114,14793,0.0,14793.0
T948,2025-03-19,C149,P49,Books,2,3316,0,Marketplace,Kolkata,0,Mumbai,25-34,F,Offline,2025-04-23,19,32558,2026-01-08,0,Product_49,Grocery,1320,673,99,51,6632,0.0,6632.0
T949,2024-10-26,C150,P50,Books,5,1683,0,Website,Jaipur,0,Hyderabad,35-44,F,Website,2026-03-13,20,11730,2025-10-23,0,Product_50,Electronics,2448,954,197,103,8415,0.0,8415.0
T950,2024-07-18,C151,P1,Apparel,1,626,0,Marketplace,Jaipur,0,Mumbai,25-34,F,Offline,2024-09-28,16,48320,2026-04-22,0,Product_1,Beauty,4921,2017,383,112,626,0.0,626.0
T951,2024-11-22,C152,P2,Books,2,3383,10,Marketplace,Delhi,0,Pune,55+,M,App,2025-05-11,7,35262,2026-06-23,0,Product_2,Home,3191,957,234,143,6766,676.6,6089.4
T952,2026-02-06,C153,P3,Electronics,1,3118,0,Website,Mumbai,0,Pune,45-54,M,Offline,2026-04-20,8,20887,2026-01-25,0,Product_3,Electronics,2561,768,121,24,3118,0.0,3118.0
T953,2025-11-19,C154,P4,Books,4,2087,10,App,Kolkata,0,Delhi,45-54,M,Offline,2024-10-17,15,11585,2025-11-30,0,Product_4,Apparel,3242,1069,490,184,8348,834.8,7513.2
T954,2025-10-07,C155,P5,Electronics,3,588,0,App,Bangalore,0,Pune,18-24,F,App,2026-05-09,18,42455,2025-12-11,0,Product_5,Apparel,1119,369,388,27,1764,0.0,1764.0
T955,2025-08-05,C156,P6,Home,5,2866,0,Offline,Bangalore,1,Delhi,45-54,M,Marketplace,2024-10-17,2,20889,2026-06-08,0,Product_6,Electronics,1835,550,8,167,14330,0.0,14330.0
T956,2026-01-15,C157,P7,Grocery,3,4665,10,App,Kolkata,0,Mumbai,18-24,F,App,2026-05-28,13,42847,2025-09-19,0,Product_7,Home,2808,1207,162,199,13995,1399.5,12595.5
T957,2024-08-16,C158,P8,Grocery,5,4979,0,Website,Chennai,1,Bangalore,25-34,F,Offline,2025-10-31,10,37918,2025-11-23,0,Product_8,Electronics,1667,800,408,173,24895,0.0,24895.0
T958,2025-12-12,C159,P9,Electronics,5,3019,5,Website,Pune,0,Delhi,18-24,M,Website,2025-04-13,20,24398,2025-10-16,0,Product_9,Apparel,2580,851,138,188,15095,754.75,14340.25
T959,2025-01-09,C160,P10,Apparel,5,2691,0,App,Mumbai,0,Bangalore,18-24,M,Marketplace,2025-02-08,3,47547,2025-12-27,0,Product_10,Grocery,1054,527,352,102,13455,0.0,13455.0
T960,2024-12-22,C161,P11,Electronics,3,1844,5,App,Pune,0,Delhi,18-24,F,Offline,2025-04-01,16,42087,2026-06-17,0,Product_11,Electronics,1011,434,302,11,5532,276.6,5255.4
T961,2025-09-02,C162,P12,Sports,4,2734,5,Marketplace,Mumbai,1,Mumbai,55+,M,App,2025-04-10,15,47463,2026-06-13,0,Product_12,Apparel,562,174,454,142,10936,546.8,10389.2
T962,2026-02-02,C163,P13,Books,3,1687,10,Website,Pune,0,Mumbai,18-24,M,Offline,2025-07-02,10,5008,2026-04-11,0,Product_13,Electronics,4992,1497,127,97,5061,506.1,4554.9
T963,2025-09-21,C164,P14,Apparel,2,1196,10,App,Mumbai,0,Mumbai,55+,F,Website,2025-06-22,3,15740,2025-10-27,0,Product_14,Grocery,4389,1931,289,11,2392,239.2,2152.8
T964,2026-05-17,C165,P15,Electronics,2,2415,10,App,Bangalore,0,Pune,45-54,M,Website,2025-09-08,18,13955,2026-04-03,0,Product_15,Grocery,853,281,446,190,4830,483.0,4347.0
T965,2025-06-18,C166,P16,Sports,1,2382,0,App,Jaipur,0,Pune,35-44,M,Website,2025-06-15,11,40423,2026-06-23,0,Product_16,Grocery,2315,1088,256,76,2382,0.0,2382.0
T966,2026-01-20,C167,P17,Beauty,5,3430,0,Website,Pune,0,Hyderabad,55+,M,Offline,2025-03-04,5,14669,2026-01-15,0,Product_17,Electronics,236,82,167,134,17150,0.0,17150.0
T967,2024-12-02,C168,P18,Electronics,3,4300,0,Marketplace,Jaipur,0,Pune,55+,F,Marketplace,2025-04-05,18,7129,2026-07-01,0,Product_18,Home,3080,1108,114,33,12900,0.0,12900.0
T968,2024-11-15,C169,P19,Beauty,3,556,15,App,Delhi,0,Pune,45-54,M,Website,2025-11-10,13,37718,2025-07-08,0,Product_19,Apparel,895,393,498,181,1668,250.2,1417.8
T969,2024-10-23,C170,P20,Grocery,4,2226,5,Marketplace,Chennai,0,Delhi,55+,M,Marketplace,2025-12-26,8,21951,2026-06-01,0,Product_20,Beauty,133,45,396,138,8904,445.2,8458.8
T970,2026-03-23,C171,P21,Sports,2,1019,15,App,Mumbai,0,Chennai,25-34,F,Offline,2024-12-10,3,43199,2026-06-16,0,Product_21,Beauty,1363,504,290,52,2038,305.7,1732.3
T971,2025-09-02,C172,P22,Grocery,4,4232,0,App,Bangalore,0,Delhi,18-24,F,Website,2024-09-12,20,5960,2026-03-19,0,Product_22,Electronics,4371,2010,427,18,16928,0.0,16928.0
T972,2024-08-08,C173,P23,Sports,4,1967,0,Offline,Jaipur,0,Chennai,45-54,F,Offline,2024-08-30,14,2339,2025-11-16,0,Product_23,Grocery,1211,569,460,104,7868,0.0,7868.0
T973,2026-03-01,C174,P24,Beauty,3,1429,5,App,Mumbai,0,Delhi,35-44,F,App,2025-11-21,8,7900,2025-11-15,0,Product_24,Grocery,2140,963,138,140,4287,214.35,4072.65
T974,2025-01-24,C175,P25,Beauty,2,4871,0,Offline,Jaipur,0,Mumbai,45-54,F,App,2024-11-16,10,13671,2025-09-25,0,Product_25,Apparel,2330,1048,250,178,9742,0.0,9742.0
T975,2026-03-11,C176,P26,Health,3,874,0,Marketplace,Pune,0,Pune,18-24,F,Marketplace,2025-04-29,15,36959,2025-07-10,0,Product_26,Electronics,3743,1908,458,106,2622,0.0,2622.0
T976,2025-09-27,C177,P27,Grocery,4,3389,0,Website,Kolkata,0,Bangalore,25-34,M,Website,2025-09-01,18,47329,2026-03-15,0,Product_27,Beauty,4124,1237,236,8,13556,0.0,13556.0
T977,2025-07-04,C178,P28,Apparel,4,1357,15,Website,Kolkata,0,Delhi,25-34,M,Website,2025-01-25,6,40663,2025-07-20,0,Product_28,Beauty,1036,559,146,139,5428,814.2,4613.8
T978,2024-07-13,C179,P29,Home,4,3205,0,Offline,Mumbai,0,Mumbai,18-24,F,Offline,2026-04-18,15,27569,2026-04-23,0,Product_29,Beauty,2307,738,379,136,12820,0.0,12820.0
T979,2025-10-06,C180,P30,Apparel,2,4647,0,App,Chennai,1,Chennai,45-54,F,Offline,2024-09-08,2,12501,2026-01-30,0,Product_30,Apparel,574,269,402,192,9294,0.0,9294.0
T980,2025-07-23,C181,P31,Apparel,5,1863,10,App,Chennai,0,Delhi,55+,M,Website,2026-05-20,17,25484,2026-02-19,0,Product_31,Home,4429,1683,374,103,9315,931.5,8383.5
T981,2024-08-03,C182,P32,Electronics,2,1815,0,App,Kolkata,0,Delhi,45-54,F,App,2025-05-02,14,27596,2026-05-01,0,Product_32,Electronics,3713,1856,294,49,3630,0.0,3630.0
T982,2025-02-27,C183,P33,Apparel,3,1292,5,Offline,Hyderabad,0,Bangalore,35-44,M,Offline,2025-11-04,16,18226,2026-03-18,0,Product_33,Beauty,2533,1266,385,138,3876,193.8,3682.2
T983,2024-12-05,C184,P34,Home,2,3520,5,Offline,Chennai,0,Bangalore,25-34,M,App,2025-10-21,5,49920,2025-11-27,0,Product_34,Electronics,868,442,195,143,7040,352.0,6688.0
T984,2025-02-20,C185,P35,Grocery,3,1096,0,Marketplace,Hyderabad,0,Chennai,25-34,F,Website,2026-04-04,15,9625,2025-10-17,0,Product_35,Home,3394,1730,32,16,3288,0.0,3288.0
T985,2025-08-22,C186,P36,Grocery,4,1526,15,App,Pune,0,Hyderabad,55+,M,Offline,2024-12-10,17,34470,2026-06-03,0,Product_36,Home,4398,2242,52,28,6104,915.6,5188.4
T986,2025-09-03,C187,P37,Electronics,3,2951,5,App,Hyderabad,0,Hyderabad,45-54,M,Website,2025-02-28,17,22346,2025-10-03,0,Product_37,Apparel,1414,692,483,25,8853,442.65,8410.35
T987,2025-05-27,C188,P38,Beauty,5,4335,15,Website,Chennai,0,Chennai,35-44,F,Offline,2026-03-16,11,13341,2026-05-07,0,Product_38,Home,4479,2329,199,148,21675,3251.25,18423.75
T988,2024-11-16,C189,P39,Health,1,2438,10,App,Jaipur,0,Delhi,55+,M,Offline,2025-10-17,4,18839,2025-11-23,0,Product_39,Beauty,1082,324,228,192,2438,243.8,2194.2
T989,2025-09-04,C190,P40,Books,1,874,15,App,Delhi,0,Bangalore,25-34,M,App,2025-08-23,1,3775,2025-09-22,1,Product_40,Electronics,579,237,447,9,874,131.1,742.9
T990,2024-10-15,C191,P41,Apparel,4,1128,10,Offline,Pune,0,Hyderabad,45-54,F,Marketplace,2025-02-19,17,1535,2025-07-24,0,Product_41,Grocery,2620,943,175,27,4512,451.2,4060.8
T991,2025-03-13,C192,P42,Home,2,2606,0,App,Kolkata,0,Hyderabad,45-54,F,Website,2024-10-22,12,16681,2026-02-17,0,Product_42,Beauty,389,151,78,111,5212,0.0,5212.0
T992,2025-08-17,C193,P43,Books,4,4313,15,Website,Kolkata,0,Mumbai,18-24,F,Marketplace,2024-12-11,12,9229,2026-04-19,0,Product_43,Electronics,721,295,146,105,17252,2587.8,14664.2
T993,2025-02-03,C194,P44,Electronics,5,1828,0,Offline,Jaipur,1,Hyderabad,45-54,F,App,2025-11-19,13,40743,2025-08-17,0,Product_44,Home,4903,1814,314,164,9140,0.0,9140.0
T994,2025-08-17,C195,P45,Home,5,3486,0,Marketplace,Hyderabad,0,Bangalore,25-34,M,Website,2025-09-28,9,26103,2026-03-21,0,Product_45,Apparel,4036,1896,285,146,17430,0.0,17430.0
T995,2025-09-03,C196,P46,Health,2,2918,10,App,Kolkata,0,Delhi,55+,F,App,2025-05-25,16,41188,2026-07-07,0,Product_46,Electronics,634,253,372,55,5836,583.6,5252.4
T996,2024-11-03,C197,P47,Home,2,4717,0,Marketplace,Hyderabad,0,Hyderabad,18-24,M,Website,2026-01-29,5,17607,2026-06-08,0,Product_47,Beauty,1235,580,183,144,9434,0.0,9434.0
T997,2026-05-03,C198,P48,Sports,5,3048,15,App,Jaipur,0,Delhi,35-44,F,Website,2024-08-09,18,7550,2025-12-26,0,Product_48,Home,1309,641,400,114,15240,2286.0,12954.0
T998,2026-01-14,C199,P49,Grocery,1,2847,0,App,Chennai,0,Mumbai,45-54,M,App,2026-01-03,20,32471,2026-03-06,0,Product_49,Grocery,1320,673,99,51,2847,0.0,2847.0
T999,2025-03-21,C200,P50,Sports,2,3491,10,Website,Kolkata,0,Mumbai,55+,M,Website,2025-09-25,17,45177,2025-07-12,0,Product_50,Electronics,2448,954,197,103,6982,698.2,6283.8
T1000,2025-07-05,C1,P1,Apparel,2,4379,10,Website,Pune,0,Delhi,18-24,F,Marketplace,2025-11-08,19,33219,2026-04-27,0,Product_1,Beauty,4921,2017,383,112,8758,875.8,7882.2
